Datetime,Open,High,Low,Close,Adj Close,Volume
2021-08-27 04:00:00-04:00,231.43,231.5,231.43,231.5,231.5,0.0
2021-08-27 04:02:00-04:00,231.5,231.5,231.5,231.5,231.5,0.0
2021-08-27 04:08:00-04:00,231.38,231.38,231.0,231.0,231.0,0.0
2021-08-27 04:24:00-04:00,231.45,231.45,231.0,231.43,231.43,0.0
2021-08-27 04:26:00-04:00,231.43,231.43,231.43,231.43,231.43,0.0
2021-08-27 04:34:00-04:00,231.5,231.52,231.08,231.08,231.08,0.0
2021-08-27 04:36:00-04:00,231.48,231.48,231.48,231.48,231.48,0.0
2021-08-27 04:40:00-04:00,231.08,231.08,231.06,231.06,231.06,0.0
2021-08-27 04:46:00-04:00,231.4,231.4,231.2,231.2,231.2,0.0
2021-08-27 04:48:00-04:00,231.21,231.21,231.21,231.21,231.21,0.0
2021-08-27 04:50:00-04:00,231.21,231.21,231.15,231.21,231.21,0.0
2021-08-27 04:56:00-04:00,231.23,231.23,231.23,231.23,231.23,0.0
2021-08-27 04:58:00-04:00,231.23,231.23,231.19,231.19,231.19,0.0
2021-08-27 05:10:00-04:00,231.2,231.2,231.2,231.2,231.2,0.0
2021-08-27 05:12:00-04:00,231.19,231.19,231.19,231.19,231.19,0.0
2021-08-27 05:20:00-04:00,231.18,231.18,231.18,231.18,231.18,0.0
2021-08-27 05:22:00-04:00,231.18,231.18,230.86,230.86,230.86,0.0
2021-08-27 05:28:00-04:00,230.92,230.92,230.92,230.92,230.92,0.0
2021-08-27 05:30:00-04:00,230.96,230.96,230.96,230.96,230.96,0.0
2021-08-27 05:36:00-04:00,230.86,230.86,230.86,230.86,230.86,0.0
2021-08-27 05:38:00-04:00,230.97,230.97,230.97,230.97,230.97,0.0
2021-08-27 05:50:00-04:00,230.8,230.8,230.62,230.62,230.62,0.0
2021-08-27 05:52:00-04:00,230.94,230.94,230.94,230.94,230.94,0.0
2021-08-27 05:58:00-04:00,230.97,230.97,230.95,230.97,230.97,0.0
2021-08-27 06:00:00-04:00,230.95,231.0,230.95,231.0,231.0,0.0
2021-08-27 06:02:00-04:00,230.98,231.0,230.9,230.97,230.97,0.0
2021-08-27 06:06:00-04:00,231.0,231.0,231.0,231.0,231.0,0.0
2021-08-27 06:14:00-04:00,231.1,231.2,231.1,231.2,231.2,0.0
2021-08-27 06:30:00-04:00,231.1,231.1,231.0,231.0,231.0,0.0
2021-08-27 06:38:00-04:00,231.1,231.1,231.1,231.1,231.1,0.0
2021-08-27 06:46:00-04:00,231.11,231.11,231.0,231.0,231.0,0.0
2021-08-27 06:48:00-04:00,231.02,231.02,231.0,231.0,231.0,0.0
2021-08-27 06:52:00-04:00,231.05,231.05,231.05,231.05,231.05,0.0
2021-08-27 07:00:00-04:00,231.21,231.21,230.95,231.03,231.03,0.0
2021-08-27 07:06:00-04:00,231.03,231.03,230.88,230.88,230.88,0.0
2021-08-27 07:08:00-04:00,231.12,231.12,231.12,231.12,231.12,0.0
2021-08-27 07:16:00-04:00,230.91,230.91,230.9,230.9,230.9,0.0
2021-08-27 07:22:00-04:00,230.98,230.98,230.98,230.98,230.98,0.0
2021-08-27 07:32:00-04:00,230.98,230.98,230.88,230.88,230.88,0.0
2021-08-27 07:34:00-04:00,230.99,230.99,230.87,230.9,230.9,0.0
2021-08-27 07:36:00-04:00,230.99,230.99,230.87,230.99,230.99,0.0
2021-08-27 07:38:00-04:00,230.99,231.0,230.87,230.87,230.87,0.0
2021-08-27 07:40:00-04:00,230.99,230.99,230.99,230.99,230.99,0.0
2021-08-27 07:42:00-04:00,230.99,230.99,230.92,230.98,230.98,0.0
2021-08-27 07:48:00-04:00,230.88,230.9,230.87,230.87,230.87,0.0
2021-08-27 07:50:00-04:00,230.86,230.92,230.76,230.76,230.76,0.0
2021-08-27 07:52:00-04:00,230.8,230.8,230.76,230.76,230.76,0.0
2021-08-27 08:00:00-04:00,231.0,231.25,230.68,231.0,231.0,0.0
2021-08-27 08:02:00-04:00,230.64,230.78,230.64,230.76,230.76,0.0
2021-08-27 08:04:00-04:00,230.7,230.7,230.7,230.7,230.7,0.0
2021-08-27 08:06:00-04:00,230.76,230.76,230.76,230.76,230.76,0.0
2021-08-27 08:12:00-04:00,230.9,230.9,230.9,230.9,230.9,0.0
2021-08-27 08:14:00-04:00,230.9,230.95,230.9,230.95,230.95,0.0
2021-08-27 08:18:00-04:00,230.76,230.76,230.52,230.52,230.52,0.0
2021-08-27 08:20:00-04:00,230.95,230.95,230.95,230.95,230.95,0.0
2021-08-27 08:24:00-04:00,230.95,230.95,230.94,230.94,230.94,0.0
2021-08-27 08:26:00-04:00,230.76,231.0,230.75,231.0,231.0,0.0
2021-08-27 08:28:00-04:00,230.89,230.9,230.8,230.8,230.8,0.0
2021-08-27 08:30:00-04:00,230.76,230.78,230.73,230.73,230.73,0.0
2021-08-27 08:32:00-04:00,230.73,230.75,230.69,230.69,230.69,0.0
2021-08-27 08:34:00-04:00,230.77,230.92,230.75,230.92,230.92,0.0
2021-08-27 08:36:00-04:00,230.8,230.89,230.8,230.89,230.89,0.0
2021-08-27 08:38:00-04:00,230.75,230.81,230.75,230.81,230.81,0.0
2021-08-27 08:42:00-04:00,230.9,230.9,230.75,230.75,230.75,0.0
2021-08-27 08:44:00-04:00,230.75,230.99,230.75,230.99,230.99,0.0
2021-08-27 08:46:00-04:00,230.9899,230.9899,230.89,230.89,230.89,0.0
2021-08-27 08:48:00-04:00,230.82,230.85,230.77,230.77,230.77,0.0
2021-08-27 08:50:00-04:00,230.77,230.77,230.77,230.77,230.77,0.0
2021-08-27 08:52:00-04:00,230.89,230.89,230.89,230.89,230.89,0.0
2021-08-27 08:54:00-04:00,230.75,230.75,230.75,230.75,230.75,0.0
2021-08-27 08:56:00-04:00,230.81,230.94,230.81,230.94,230.94,0.0
2021-08-27 08:58:00-04:00,230.85,230.99,230.52,230.52,230.52,0.0
2021-08-27 09:00:00-04:00,230.85,230.87,230.75,230.75,230.75,0.0
2021-08-27 09:02:00-04:00,230.875,231.0,230.875,231.0,231.0,0.0
2021-08-27 09:04:00-04:00,230.85,231.0,230.85,230.925,230.925,0.0
2021-08-27 09:06:00-04:00,230.925,230.925,230.925,230.925,230.925,0.0
2021-08-27 09:08:00-04:00,230.93,231.0,230.85,231.0,231.0,0.0
2021-08-27 09:10:00-04:00,230.95,230.99,230.85,230.95,230.95,0.0
2021-08-27 09:12:00-04:00,230.62,230.99,230.62,230.85,230.85,0.0
2021-08-27 09:14:00-04:00,230.85,230.85,230.85,230.85,230.85,0.0
2021-08-27 09:30:00-04:00,231.0200042724609,231.0200042724609,230.22999572753903,230.7400054931641,230.7400054931641,152902.0
2021-08-27 09:32:00-04:00,230.7749938964844,231.0599975585937,230.47000122070312,230.7449951171875,230.7449951171875,59806.0
2021-08-27 09:34:00-04:00,230.77000427246094,231.1999969482422,230.64999389648438,231.05499267578125,231.05499267578125,61080.0
2021-08-27 09:36:00-04:00,231.06500244140625,231.14500427246094,230.63499450683594,230.8928985595703,230.8928985595703,36435.0
2021-08-27 09:38:00-04:00,230.8699951171875,230.8699951171875,230.44000244140625,230.4571075439453,230.4571075439453,33495.0
2021-08-27 09:40:00-04:00,230.5,230.94000244140625,230.47999572753903,230.75,230.75,32150.0
2021-08-27 09:42:00-04:00,230.75,230.9600067138672,230.6999969482422,230.83999633789062,230.83999633789062,22790.0
2021-08-27 09:44:00-04:00,230.8350067138672,230.94000244140625,230.58999633789062,230.72999572753906,230.72999572753906,24467.0
2021-08-27 09:46:00-04:00,230.73500061035156,230.99000549316406,230.6999969482422,230.99000549316406,230.99000549316406,26454.0
2021-08-27 09:48:00-04:00,230.92999267578125,230.99000549316406,230.77999877929688,230.77999877929688,230.77999877929688,19960.0
2021-08-27 09:50:00-04:00,230.6999969482422,230.80999755859375,230.4600067138672,230.80999755859375,230.80999755859375,35498.0
2021-08-27 09:52:00-04:00,230.77999877929688,230.88999938964844,230.6699981689453,230.83999633789065,230.83999633789065,17720.0
2021-08-27 09:54:00-04:00,230.8000030517578,230.8000030517578,230.3800048828125,230.46499633789062,230.46499633789062,36034.0
2021-08-27 09:56:00-04:00,230.4499969482422,230.55999755859372,230.3999938964844,230.5500030517578,230.5500030517578,20639.0
2021-08-27 09:58:00-04:00,230.49000549316406,230.82000732421875,230.44000244140625,230.82000732421875,230.82000732421875,30517.0
2021-08-27 10:00:00-04:00,230.85000610351562,231.0,230.42999267578125,230.68499755859375,230.68499755859375,64712.0
2021-08-27 10:02:00-04:00,230.7100067138672,231.2100067138672,230.6000061035156,230.8999938964844,230.8999938964844,38461.0
2021-08-27 10:04:00-04:00,230.8999938964844,231.05999755859372,230.7899932861328,230.88510131835935,230.88510131835935,27954.0
2021-08-27 10:06:00-04:00,230.89990234375,230.97000122070312,230.82000732421875,230.94119262695312,230.94119262695312,15794.0
2021-08-27 10:08:00-04:00,230.91000366210932,231.0,230.8500061035156,230.94000244140625,230.94000244140625,30623.0
2021-08-27 10:10:00-04:00,230.9499969482422,231.1000061035156,230.94000244140625,231.0200042724609,231.0200042724609,32959.0
2021-08-27 10:12:00-04:00,231.0200042724609,231.1999969482422,230.92999267578125,231.0850067138672,231.0850067138672,62731.0
2021-08-27 10:14:00-04:00,231.1000061035156,231.5399932861328,231.0500030517578,231.47999572753903,231.47999572753903,46700.0
2021-08-27 10:16:00-04:00,231.49000549316406,231.80999755859375,231.4600067138672,231.75999450683594,231.75999450683594,40567.0
2021-08-27 10:18:00-04:00,231.75,231.92999267578125,231.69000244140625,231.75,231.75,56471.0
2021-08-27 10:20:00-04:00,231.75999450683597,231.88999938964844,231.63999938964844,231.72999572753903,231.72999572753903,72647.0
2021-08-27 10:22:00-04:00,231.74000549316406,231.85000610351562,231.63999938964844,231.82000732421875,231.82000732421875,72918.0
2021-08-27 10:24:00-04:00,231.8600006103516,231.8800048828125,231.47999572753903,231.5500030517578,231.5500030517578,48355.0
2021-08-27 10:26:00-04:00,231.57000732421875,231.66000366210935,231.4499969482422,231.47000122070312,231.47000122070312,29469.0
2021-08-27 10:28:00-04:00,231.4698028564453,231.6999969482422,231.4199981689453,231.67999267578125,231.67999267578125,26946.0
2021-08-27 10:30:00-04:00,231.67999267578125,231.8600006103516,231.6300048828125,231.75999450683597,231.75999450683597,35663.0
2021-08-27 10:32:00-04:00,231.7765045166016,231.77999877929688,231.6300048828125,231.6300048828125,231.6300048828125,26262.0
2021-08-27 10:34:00-04:00,231.6100006103516,231.6699981689453,231.4900054931641,231.4900054931641,231.4900054931641,43423.0
2021-08-27 10:36:00-04:00,231.47000122070312,231.5800018310547,231.3800048828125,231.5749969482422,231.5749969482422,34018.0
2021-08-27 10:38:00-04:00,231.58999633789065,231.63999938964844,231.4900054931641,231.5200042724609,231.5200042724609,37842.0
2021-08-27 10:40:00-04:00,231.5,231.5500030517578,231.38009643554688,231.47000122070312,231.47000122070312,35293.0
2021-08-27 10:42:00-04:00,231.5,231.5500030517578,231.4600067138672,231.47999572753906,231.47999572753906,24990.0
2021-08-27 10:44:00-04:00,231.47999572753903,231.5749969482422,231.4499969482422,231.56500244140625,231.56500244140625,35213.0
2021-08-27 10:46:00-04:00,231.56500244140625,231.74270629882807,231.4499969482422,231.7400054931641,231.7400054931641,28404.0
2021-08-27 10:48:00-04:00,231.75,231.75,231.5599975585937,231.58999633789065,231.58999633789065,28523.0
2021-08-27 10:50:00-04:00,231.5601043701172,231.63999938964844,231.4900054931641,231.52999877929688,231.52999877929688,27569.0
2021-08-27 10:52:00-04:00,231.52000427246094,231.58999633789062,231.4499969482422,231.47999572753906,231.47999572753906,26487.0
2021-08-27 10:54:00-04:00,231.5,231.57000732421875,231.42999267578125,231.56500244140625,231.56500244140625,24704.0
2021-08-27 10:56:00-04:00,231.57130432128903,231.6300048828125,231.509994506836,231.53500366210932,231.53500366210932,26809.0
2021-08-27 10:58:00-04:00,231.4600067138672,231.5,231.2700042724609,231.2700042724609,231.2700042724609,36613.0
2021-08-27 11:00:00-04:00,231.25999450683597,231.52999877929688,231.25999450683597,231.44000244140625,231.44000244140625,38692.0
2021-08-27 11:02:00-04:00,231.4378967285156,231.51499938964844,231.33999633789065,231.3800048828125,231.3800048828125,20131.0
2021-08-27 11:04:00-04:00,231.3800048828125,231.41000366210935,231.17999267578125,231.30499267578125,231.30499267578125,20915.0
2021-08-27 11:06:00-04:00,231.30999755859375,231.43809509277344,231.3000030517578,231.36000061035156,231.36000061035156,31699.0
2021-08-27 11:08:00-04:00,231.33999633789062,231.41000366210938,231.31179809570312,231.3300018310547,231.3300018310547,14920.0
2021-08-27 11:10:00-04:00,231.32000732421875,231.3300018310547,231.24099731445312,231.2539978027344,231.2539978027344,23096.0
2021-08-27 11:12:00-04:00,231.22999572753903,231.2400054931641,231.07000732421875,231.125,231.125,31136.0
2021-08-27 11:14:00-04:00,231.13999938964844,231.2050018310547,231.08999633789065,231.1000061035156,231.1000061035156,30739.0
2021-08-27 11:16:00-04:00,231.11000061035156,231.23890686035156,231.0800018310547,231.13079833984375,231.13079833984375,22050.0
2021-08-27 11:18:00-04:00,231.13999938964844,231.22000122070312,231.0800018310547,231.14999389648438,231.14999389648438,24949.0
2021-08-27 11:20:00-04:00,231.14999389648438,231.36000061035156,231.13999938964844,231.27999877929688,231.27999877929688,53014.0
2021-08-27 11:22:00-04:00,231.3249969482422,231.3249969482422,231.2100067138672,231.2100067138672,231.2100067138672,25301.0
2021-08-27 11:24:00-04:00,231.1999969482422,231.32000732421875,231.1999969482422,231.28500366210935,231.28500366210935,34892.0
2021-08-27 11:26:00-04:00,231.27999877929688,231.30499267578125,231.16000366210932,231.16000366210932,231.16000366210932,31167.0
2021-08-27 11:28:00-04:00,231.19000244140625,231.2400054931641,231.10499572753903,231.10499572753903,231.10499572753903,22554.0
2021-08-27 11:30:00-04:00,231.1199951171875,231.25999450683597,231.0800018310547,231.25999450683597,231.25999450683597,33373.0
2021-08-27 11:32:00-04:00,231.2749938964844,231.38999938964844,231.25999450683597,231.3699951171875,231.3699951171875,21924.0
2021-08-27 11:34:00-04:00,231.37600708007812,231.39999389648438,231.27999877929688,231.33999633789062,231.33999633789062,24748.0
2021-08-27 11:36:00-04:00,231.33999633789065,231.384994506836,231.22999572753903,231.22999572753903,231.22999572753903,36526.0
2021-08-27 11:38:00-04:00,231.2100067138672,231.3300018310547,231.17999267578125,231.2899932861328,231.2899932861328,39538.0
2021-08-27 11:40:00-04:00,231.2899932861328,231.39999389648438,231.25999450683594,231.35000610351562,231.35000610351562,35622.0
2021-08-27 11:42:00-04:00,231.35499572753906,231.4600067138672,231.32000732421875,231.44000244140625,231.44000244140625,20705.0
2021-08-27 11:44:00-04:00,231.44400024414062,231.47000122070312,231.38999938964844,231.44000244140625,231.44000244140625,23069.0
2021-08-27 11:46:00-04:00,231.42999267578125,231.47999572753903,231.27999877929688,231.27999877929688,231.27999877929688,28259.0
2021-08-27 11:48:00-04:00,231.27999877929688,231.38999938964844,231.27999877929688,231.30999755859375,231.30999755859375,28821.0
2021-08-27 11:50:00-04:00,231.30999755859375,231.3800048828125,231.27000427246094,231.28500366210938,231.28500366210938,63900.0
2021-08-27 11:52:00-04:00,231.27000427246094,231.29910278320312,231.17999267578125,231.17999267578125,231.17999267578125,34854.0
2021-08-27 11:54:00-04:00,231.19000244140625,231.22999572753903,231.093994140625,231.1100006103516,231.1100006103516,32879.0
2021-08-27 11:56:00-04:00,231.10299682617188,231.2400054931641,231.0518951416016,231.16000366210932,231.16000366210932,43903.0
2021-08-27 11:58:00-04:00,231.16000366210935,231.22999572753903,231.1450042724609,231.2100067138672,231.2100067138672,24310.0
2021-08-27 12:00:00-04:00,231.2100067138672,231.25,231.1000061035156,231.16000366210935,231.16000366210935,47719.0
2021-08-27 12:02:00-04:00,231.1802978515625,231.21499633789065,231.1199951171875,231.1199951171875,231.1199951171875,18910.0
2021-08-27 12:04:00-04:00,231.1300048828125,231.25999450683597,231.05999755859372,231.22000122070312,231.22000122070312,34318.0
2021-08-27 12:06:00-04:00,231.2100067138672,231.2100067138672,231.05999755859375,231.05999755859375,231.05999755859375,9710.0
2021-08-27 12:08:00-04:00,231.07000732421875,231.11000061035156,231.05999755859375,231.0800018310547,231.0800018310547,11786.0
2021-08-27 12:10:00-04:00,231.08999633789062,231.17999267578125,231.07000732421875,231.1699981689453,231.1699981689453,22303.0
2021-08-27 12:12:00-04:00,231.16000366210935,231.17999267578125,231.08999633789065,231.1100006103516,231.1100006103516,16794.0
2021-08-27 12:14:00-04:00,231.11000061035156,231.11000061035156,231.0500030517578,231.08999633789062,231.08999633789062,14771.0
2021-08-27 12:16:00-04:00,231.08999633789062,231.08999633789062,231.01629638671875,231.01629638671875,231.01629638671875,13581.0
2021-08-27 12:18:00-04:00,231.00010681152344,231.00010681152344,230.88999938964844,230.9600067138672,230.9600067138672,30149.0
2021-08-27 12:20:00-04:00,230.94000244140625,230.94000244140625,230.83009338378903,230.8800048828125,230.8800048828125,18675.0
2021-08-27 12:22:00-04:00,230.8800048828125,230.92160034179688,230.75999450683597,230.7700042724609,230.7700042724609,23601.0
2021-08-27 12:24:00-04:00,230.7700042724609,230.8300018310547,230.67999267578125,230.8000030517578,230.8000030517578,20833.0
2021-08-27 12:26:00-04:00,230.8000030517578,230.85159301757807,230.75,230.75999450683597,230.75999450683597,18319.0
2021-08-27 12:28:00-04:00,230.75999450683594,230.9250030517578,230.72000122070312,230.84500122070312,230.84500122070312,21399.0
2021-08-27 12:30:00-04:00,230.8300018310547,230.92999267578125,230.8300018310547,230.91000366210938,230.91000366210938,12356.0
2021-08-27 12:32:00-04:00,230.91000366210938,230.94000244140625,230.8800048828125,230.88999938964844,230.88999938964844,12465.0
2021-08-27 12:34:00-04:00,230.8999938964844,230.90499877929688,230.80799865722656,230.83999633789065,230.83999633789065,16660.0
2021-08-27 12:36:00-04:00,230.8300018310547,230.88999938964844,230.80999755859375,230.88999938964844,230.88999938964844,11766.0
2021-08-27 12:38:00-04:00,230.91000366210938,230.91000366210938,230.86000061035156,230.88499450683594,230.88499450683594,13416.0
2021-08-27 12:40:00-04:00,230.8699951171875,230.9770965576172,230.7899932861328,230.9770965576172,230.9770965576172,19591.0
2021-08-27 12:42:00-04:00,230.9600067138672,230.97999572753906,230.875,230.89999389648438,230.89999389648438,13456.0
2021-08-27 12:44:00-04:00,230.89999389648438,231.0500030517578,230.89999389648438,231.02000427246094,231.02000427246094,19421.0
2021-08-27 12:46:00-04:00,231.02999877929688,231.0500030517578,230.9949951171875,231.00999450683597,231.00999450683597,18209.0
2021-08-27 12:48:00-04:00,231.009994506836,231.009994506836,230.9499969482422,230.97000122070312,230.97000122070312,14257.0
2021-08-27 12:50:00-04:00,230.97999572753903,231.0050048828125,230.8350067138672,230.8699951171875,230.8699951171875,12257.0
2021-08-27 12:52:00-04:00,230.83999633789065,230.85989379882807,230.77999877929688,230.82000732421875,230.82000732421875,8980.0
2021-08-27 12:54:00-04:00,230.82000732421875,230.8699951171875,230.80999755859375,230.84500122070312,230.84500122070312,12130.0
2021-08-27 12:56:00-04:00,230.85000610351562,230.93499755859375,230.85000610351562,230.92999267578125,230.92999267578125,11673.0
2021-08-27 12:58:00-04:00,230.92999267578125,230.99000549316406,230.8699951171875,230.9600067138672,230.9600067138672,22383.0
2021-08-27 13:00:00-04:00,230.97000122070312,231.0500030517578,230.9600067138672,231.0500030517578,231.0500030517578,12846.0
2021-08-27 13:02:00-04:00,231.02999877929688,231.07000732421875,230.99000549316406,231.01499938964844,231.01499938964844,18546.0
2021-08-27 13:04:00-04:00,231.04150390625,231.08999633789062,230.97999572753906,231.0749969482422,231.0749969482422,21229.0
2021-08-27 13:06:00-04:00,231.0814971923828,231.17999267578125,231.05999755859375,231.11000061035156,231.11000061035156,19179.0
2021-08-27 13:08:00-04:00,231.1199951171875,231.27999877929688,231.0366973876953,231.17999267578125,231.17999267578125,53647.0
2021-08-27 13:10:00-04:00,231.17999267578125,231.19000244140625,231.13999938964844,231.16000366210938,231.16000366210938,16518.0
2021-08-27 13:12:00-04:00,231.1699981689453,231.22000122070312,231.1699981689453,231.17999267578125,231.17999267578125,15792.0
2021-08-27 13:14:00-04:00,231.19000244140625,231.3999938964844,231.1699981689453,231.3999938964844,231.3999938964844,30615.0
2021-08-27 13:16:00-04:00,231.39999389648438,231.4199981689453,231.25999450683594,231.25999450683594,231.25999450683594,25498.0
2021-08-27 13:18:00-04:00,231.27000427246094,231.3386993408203,231.27000427246094,231.30999755859375,231.30999755859375,12884.0
2021-08-27 13:20:00-04:00,231.3000030517578,231.40499877929688,231.3000030517578,231.35000610351562,231.35000610351562,17386.0
2021-08-27 13:22:00-04:00,231.36000061035156,231.41969299316406,231.32000732421875,231.3800048828125,231.3800048828125,7374.0
2021-08-27 13:24:00-04:00,231.39999389648438,231.42999267578125,231.35000610351562,231.42999267578125,231.42999267578125,10268.0
2021-08-27 13:26:00-04:00,231.42999267578125,231.44000244140625,231.38999938964844,231.44000244140625,231.44000244140625,18117.0
2021-08-27 13:28:00-04:00,231.4499969482422,231.5751953125,231.4499969482422,231.52000427246094,231.52000427246094,12452.0
2021-08-27 13:30:00-04:00,231.52499389648438,231.52999877929688,231.48800659179688,231.52999877929688,231.52999877929688,15579.0
2021-08-27 13:32:00-04:00,231.52999877929688,231.54649353027344,231.41000366210935,231.44000244140625,231.44000244140625,20720.0
2021-08-27 13:34:00-04:00,231.4499969482422,231.4949951171875,231.384994506836,231.41000366210932,231.41000366210932,34185.0
2021-08-27 13:36:00-04:00,231.4499969482422,231.5,231.4250030517578,231.5,231.5,14574.0
2021-08-27 13:38:00-04:00,231.47999572753906,231.5,231.44000244140625,231.5,231.5,26833.0
2021-08-27 13:40:00-04:00,231.5,231.52999877929688,231.4499969482422,231.4499969482422,231.4499969482422,15474.0
2021-08-27 13:42:00-04:00,231.44000244140625,231.52999877929688,231.42059326171875,231.5200042724609,231.5200042724609,15379.0
2021-08-27 13:44:00-04:00,231.51499938964844,231.55999755859375,231.50999450683594,231.5449981689453,231.5449981689453,24439.0
2021-08-27 13:46:00-04:00,231.5449981689453,231.56500244140625,231.5,231.5399932861328,231.5399932861328,12448.0
2021-08-27 13:48:00-04:00,231.5500030517578,231.5599975585937,231.5200042724609,231.5200042724609,231.5200042724609,8059.0
2021-08-27 13:50:00-04:00,231.5399932861328,231.6300048828125,231.5,231.6300048828125,231.6300048828125,33794.0
2021-08-27 13:52:00-04:00,231.63999938964844,231.73989868164065,231.6150054931641,231.72000122070312,231.72000122070312,48669.0
2021-08-27 13:54:00-04:00,231.72999572753903,231.8179931640625,231.6999969482422,231.77999877929688,231.77999877929688,28726.0
2021-08-27 13:56:00-04:00,231.8000030517578,231.82000732421875,231.7176971435547,231.7700042724609,231.7700042724609,19797.0
2021-08-27 13:58:00-04:00,231.7700042724609,231.8699951171875,231.6999969482422,231.8699951171875,231.8699951171875,44717.0
2021-08-27 14:00:00-04:00,231.86509704589844,231.91000366210935,231.7740020751953,231.8300018310547,231.8300018310547,31312.0
2021-08-27 14:02:00-04:00,231.8300018310547,231.94000244140625,231.80999755859375,231.94000244140625,231.94000244140625,36777.0
2021-08-27 14:04:00-04:00,231.9600067138672,231.97000122070312,231.75999450683597,231.7610015869141,231.7610015869141,26252.0
2021-08-27 14:06:00-04:00,231.77000427246094,231.77000427246094,231.6199951171875,231.7100067138672,231.7100067138672,26387.0
2021-08-27 14:08:00-04:00,231.72000122070312,231.72000122070312,231.6499938964844,231.67999267578125,231.67999267578125,14578.0
2021-08-27 14:10:00-04:00,231.67999267578125,231.80999755859372,231.6499938964844,231.75,231.75,25142.0
2021-08-27 14:12:00-04:00,231.7700042724609,231.83999633789065,231.7400054931641,231.80909729003903,231.80909729003903,20611.0
2021-08-27 14:14:00-04:00,231.8300018310547,231.88999938964844,231.8300018310547,231.87100219726562,231.87100219726562,12994.0
2021-08-27 14:16:00-04:00,231.88999938964844,231.9799041748047,231.8600006103516,231.97000122070312,231.97000122070312,13237.0
2021-08-27 14:18:00-04:00,231.97000122070312,231.9716033935547,231.85000610351562,231.92950439453125,231.92950439453125,14448.0
2021-08-27 14:20:00-04:00,231.94000244140625,232.22999572753903,231.91000366210935,232.19000244140625,232.19000244140625,45292.0
2021-08-27 14:22:00-04:00,232.19000244140625,232.3000030517578,232.13999938964844,232.259994506836,232.259994506836,38174.0
2021-08-27 14:24:00-04:00,232.2400054931641,232.2400054931641,232.08999633789065,232.19000244140625,232.19000244140625,30983.0
2021-08-27 14:26:00-04:00,232.1999969482422,232.1999969482422,232.0941925048828,232.1199951171875,232.1199951171875,14058.0
2021-08-27 14:28:00-04:00,232.125,232.1999969482422,232.125,232.1446075439453,232.1446075439453,14425.0
2021-08-27 14:30:00-04:00,232.14500427246094,232.17999267578125,232.08999633789062,232.17999267578125,232.17999267578125,22462.0
2021-08-27 14:32:00-04:00,232.19000244140625,232.2050018310547,232.1699981689453,232.1699981689453,232.1699981689453,14849.0
2021-08-27 14:34:00-04:00,232.1699981689453,232.24000549316406,232.16000366210938,232.19500732421875,232.19500732421875,18495.0
2021-08-27 14:36:00-04:00,232.1925048828125,232.2400054931641,232.1499938964844,232.16000366210932,232.16000366210932,16232.0
2021-08-27 14:38:00-04:00,232.14999389648438,232.14999389648438,232.05999755859375,232.1300048828125,232.1300048828125,19198.0
2021-08-27 14:40:00-04:00,232.1300048828125,232.23989868164062,232.1199951171875,232.1199951171875,232.1199951171875,21425.0
2021-08-27 14:42:00-04:00,232.1199951171875,232.2700042724609,232.1199951171875,232.25999450683597,232.25999450683597,23036.0
2021-08-27 14:44:00-04:00,232.26499938964844,232.4304962158203,232.26499938964844,232.4149932861328,232.4149932861328,29177.0
2021-08-27 14:46:00-04:00,232.4669952392578,232.5500030517578,232.45359802246094,232.47999572753906,232.47999572753906,23380.0
2021-08-27 14:48:00-04:00,232.47999572753906,232.67999267578125,232.47000122070312,232.55039978027344,232.55039978027344,39667.0
2021-08-27 14:50:00-04:00,232.57000732421875,232.6300048828125,232.46200561523438,232.5399932861328,232.5399932861328,19878.0
2021-08-27 14:52:00-04:00,232.5599975585937,232.605697631836,232.5399932861328,232.5500030517578,232.5500030517578,15344.0
2021-08-27 14:54:00-04:00,232.5500030517578,232.60499572753903,232.52999877929688,232.60499572753903,232.60499572753903,14585.0
2021-08-27 14:56:00-04:00,232.6100006103516,232.6199951171875,232.5200042724609,232.52999877929688,232.52999877929688,17262.0
2021-08-27 14:58:00-04:00,232.52999877929688,232.52999877929688,232.42999267578125,232.4900054931641,232.4900054931641,18697.0
2021-08-27 15:00:00-04:00,232.4900054931641,232.58999633789065,232.4600067138672,232.57000732421875,232.57000732421875,20065.0
2021-08-27 15:02:00-04:00,232.55999755859375,232.56419372558594,232.4600067138672,232.50999450683594,232.50999450683594,20423.0
2021-08-27 15:04:00-04:00,232.51210021972656,232.6499938964844,232.509994506836,232.6100006103516,232.6100006103516,25038.0
2021-08-27 15:06:00-04:00,232.5800018310547,232.6199951171875,232.5,232.6150054931641,232.6150054931641,22421.0
2021-08-27 15:08:00-04:00,232.61099243164065,232.6342010498047,232.56500244140625,232.6100006103516,232.6100006103516,17048.0
2021-08-27 15:10:00-04:00,232.6300048828125,232.7400054931641,232.58999633789065,232.6199951171875,232.6199951171875,22956.0
2021-08-27 15:12:00-04:00,232.6300048828125,232.6699981689453,232.5800018310547,232.66000366210932,232.66000366210932,20605.0
2021-08-27 15:14:00-04:00,232.66000366210935,232.7400054931641,232.66000366210935,232.7100067138672,232.7100067138672,20084.0
2021-08-27 15:16:00-04:00,232.7100067138672,232.75999450683594,232.6999969482422,232.72000122070312,232.72000122070312,20724.0
2021-08-27 15:18:00-04:00,232.74000549316406,232.82000732421875,232.74000549316406,232.7899932861328,232.7899932861328,19999.0
2021-08-27 15:20:00-04:00,232.8099975585937,233.0525054931641,232.8000030517578,233.0449981689453,233.0449981689453,63962.0
2021-08-27 15:22:00-04:00,233.0449981689453,233.0449981689453,232.8600006103516,232.91310119628903,232.91310119628903,28297.0
2021-08-27 15:24:00-04:00,232.9199981689453,232.96009826660156,232.83799743652344,232.88999938964844,232.88999938964844,23285.0
2021-08-27 15:26:00-04:00,232.88999938964844,233.02000427246094,232.8800048828125,232.8800048828125,232.8800048828125,25338.0
2021-08-27 15:28:00-04:00,232.87289428710938,232.9550018310547,232.83999633789062,232.85000610351562,232.85000610351562,27302.0
2021-08-27 15:30:00-04:00,232.83999633789062,232.83999633789062,232.75999450683594,232.83999633789062,232.83999633789062,36533.0
2021-08-27 15:32:00-04:00,232.83999633789062,232.8699951171875,232.74000549316406,232.77000427246094,232.77000427246094,33450.0
2021-08-27 15:34:00-04:00,232.7700042724609,232.7700042724609,232.6699981689453,232.7100067138672,232.7100067138672,30463.0
2021-08-27 15:36:00-04:00,232.6999969482422,232.7899932861328,232.6499938964844,232.6999969482422,232.6999969482422,49296.0
2021-08-27 15:38:00-04:00,232.69000244140625,232.69000244140625,232.55999755859375,232.58349609375,232.58349609375,32379.0
2021-08-27 15:40:00-04:00,232.6000061035156,232.6000061035156,232.4900054931641,232.4900054931641,232.4900054931641,26105.0
2021-08-27 15:42:00-04:00,232.509994506836,232.5800018310547,232.4600067138672,232.4900054931641,232.4900054931641,28787.0
2021-08-27 15:44:00-04:00,232.5,232.7100067138672,232.5,232.69000244140625,232.69000244140625,47478.0
2021-08-27 15:46:00-04:00,232.6999969482422,232.7899932861328,232.6100006103516,232.75999450683597,232.75999450683597,48916.0
2021-08-27 15:48:00-04:00,232.7550048828125,232.7899932861328,232.6699981689453,232.75999450683594,232.75999450683594,55444.0
2021-08-27 15:50:00-04:00,232.77000427246094,232.83999633789062,232.59500122070312,232.6999969482422,232.6999969482422,70085.0
2021-08-27 15:52:00-04:00,232.69000244140625,232.75999450683594,232.61500549316406,232.72000122070312,232.72000122070312,72800.0
2021-08-27 15:54:00-04:00,232.72000122070312,232.759994506836,232.6000061035156,232.6300048828125,232.6300048828125,86415.0
2021-08-27 15:56:00-04:00,232.63999938964844,232.66000366210932,232.47000122070312,232.5599975585937,232.5599975585937,74918.0
2021-08-27 15:58:00-04:00,232.5500030517578,232.74000549316406,232.50999450683594,232.69000244140625,232.69000244140625,103089.0
2021-08-27 16:00:00-04:00,232.69,232.99,231.7,232.69,232.69,506732.0
2021-08-27 16:02:00-04:00,232.69,232.99,232.595,232.595,232.595,0.0
2021-08-27 16:04:00-04:00,232.99,232.99,232.69,232.9,232.9,0.0
2021-08-27 16:06:00-04:00,232.6,232.69,232.22,232.69,232.69,0.0
2021-08-27 16:08:00-04:00,232.56,232.56,232.56,232.56,232.56,0.0
2021-08-27 16:10:00-04:00,232.7,232.89,232.56,232.89,232.89,0.0
2021-08-27 16:12:00-04:00,232.72,232.72,232.22,232.56,232.56,0.0
2021-08-27 16:16:00-04:00,232.75,232.795,232.75,232.795,232.795,0.0
2021-08-27 16:18:00-04:00,232.795,232.85,232.795,232.85,232.85,0.0
2021-08-27 16:20:00-04:00,232.795,232.89,232.795,232.89,232.89,0.0
2021-08-27 16:22:00-04:00,232.87,232.87,232.87,232.87,232.87,0.0
2021-08-27 16:24:00-04:00,232.795,232.795,232.7,232.7,232.7,0.0
2021-08-27 16:26:00-04:00,232.75,232.75,232.7,232.7,232.7,0.0
2021-08-27 16:28:00-04:00,232.7,232.89,232.5,232.5,232.5,0.0
2021-08-27 16:30:00-04:00,232.545,232.89,232.545,232.89,232.89,0.0
2021-08-27 16:32:00-04:00,232.545,232.545,232.545,232.545,232.545,0.0
2021-08-27 16:34:00-04:00,232.2,232.2,232.2,232.2,232.2,0.0
2021-08-27 16:38:00-04:00,232.89,232.89,232.545,232.545,232.545,0.0
2021-08-27 16:40:00-04:00,232.69,232.69,232.41,232.41,232.41,0.0
2021-08-27 16:42:00-04:00,232.69,232.89,232.6,232.65,232.65,0.0
2021-08-27 16:44:00-04:00,232.645,232.645,231.645,231.91,231.91,0.0
2021-08-27 16:46:00-04:00,232.35,232.39,232.35,232.39,232.39,0.0
2021-08-27 16:48:00-04:00,232.01,232.45,232.0,232.0,232.0,0.0
2021-08-27 16:50:00-04:00,232.1,232.4,232.1,232.22,232.22,0.0
2021-08-27 16:52:00-04:00,232.22,232.455,232.22,232.455,232.455,0.0
2021-08-27 16:54:00-04:00,232.22,232.25,231.82,232.25,232.25,0.0
2021-08-27 16:56:00-04:00,232.25,232.45,231.5,231.5,231.5,0.0
2021-08-27 16:58:00-04:00,231.75,231.75,231.5,231.58,231.58,0.0
2021-08-27 17:02:00-04:00,231.5,231.52,231.5,231.52,231.52,0.0
2021-08-27 17:06:00-04:00,232.69,232.69,231.58,231.58,231.58,0.0
2021-08-27 17:08:00-04:00,231.58,232.245,231.58,232.1,232.1,0.0
2021-08-27 17:10:00-04:00,231.88,232.45,231.88,232.13,232.13,0.0
2021-08-27 17:12:00-04:00,232.13,232.45,232.1,232.4,232.4,0.0
2021-08-27 17:14:00-04:00,232.4,232.4,232.37,232.37,232.37,0.0
2021-08-27 17:16:00-04:00,232.27,232.27,231.99,232.0,232.0,0.0
2021-08-27 17:18:00-04:00,232.0,232.0,231.53,231.6,231.6,0.0
2021-08-27 17:20:00-04:00,231.6,232.0,231.53,231.765,231.765,0.0
2021-08-27 17:22:00-04:00,231.95,231.95,231.9,231.9,231.9,0.0
2021-08-27 17:24:00-04:00,231.88,231.9,230.99,231.88,231.88,0.0
2021-08-27 17:26:00-04:00,231.75,231.75,230.9,231.0,231.0,0.0
2021-08-27 17:28:00-04:00,231.0,231.0,230.75,231.0,231.0,0.0
2021-08-27 17:30:00-04:00,231.4,231.4,231.0,231.36,231.36,0.0
2021-08-27 17:32:00-04:00,231.35,231.4,231.01,231.4,231.4,0.0
2021-08-27 17:34:00-04:00,231.35,231.4,231.05,231.05,231.05,0.0
2021-08-27 17:36:00-04:00,231.05,231.25,231.0,231.01,231.01,0.0
2021-08-27 17:38:00-04:00,231.05,231.37,231.0,231.37,231.37,0.0
2021-08-27 17:42:00-04:00,231.37,231.43,231.37,231.43,231.43,0.0
2021-08-27 17:44:00-04:00,231.4,231.5,231.4,231.5,231.5,0.0
2021-08-27 17:46:00-04:00,231.57,231.57,231.4,231.55,231.55,0.0
2021-08-27 17:48:00-04:00,231.55,231.64,231.4,231.5,231.5,0.0
2021-08-27 17:50:00-04:00,231.64,231.64,231.64,231.64,231.64,0.0
2021-08-27 17:52:00-04:00,231.64,231.64,231.5,231.5,231.5,0.0
2021-08-27 17:54:00-04:00,231.5,231.55,231.5,231.55,231.55,0.0
2021-08-27 17:58:00-04:00,231.64,231.64,231.55,231.64,231.64,0.0
2021-08-27 18:00:00-04:00,231.4,231.4,231.4,231.4,231.4,0.0
2021-08-27 18:10:00-04:00,231.63,231.63,231.63,231.63,231.63,0.0
2021-08-27 18:16:00-04:00,231.64,231.64,231.6,231.6,231.6,0.0
2021-08-27 18:24:00-04:00,231.6,231.6,231.6,231.6,231.6,0.0
2021-08-27 18:28:00-04:00,231.55,231.6,231.41,231.6,231.6,0.0
2021-08-27 18:30:00-04:00,231.42,231.42,231.42,231.42,231.42,0.0
2021-08-27 18:34:00-04:00,231.6,231.6,231.55,231.6,231.6,0.0
2021-08-27 18:38:00-04:00,231.64,231.74,231.63,231.7,231.7,0.0
2021-08-27 18:42:00-04:00,231.7,231.7,231.55,231.55,231.55,0.0
2021-08-27 18:44:00-04:00,231.7,231.7,231.57,231.57,231.57,0.0
2021-08-27 18:46:00-04:00,231.95,231.95,231.94,231.94,231.94,0.0
2021-08-27 18:48:00-04:00,231.92,231.92,231.92,231.92,231.92,0.0
2021-08-27 18:50:00-04:00,232.5501,232.6404,232.5501,232.6404,232.6404,0.0
2021-08-27 19:04:00-04:00,231.89,231.89,231.89,231.89,231.89,0.0
2021-08-27 19:14:00-04:00,231.85,231.85,231.85,231.85,231.85,0.0
2021-08-27 19:26:00-04:00,231.98,231.98,231.85,231.85,231.85,0.0
2021-08-27 19:28:00-04:00,231.61,231.61,231.61,231.61,231.61,0.0
2021-08-27 19:36:00-04:00,231.7,231.7,231.69,231.69,231.69,0.0
2021-08-27 19:40:00-04:00,231.63,231.63,231.62,231.62,231.62,0.0
2021-08-27 19:44:00-04:00,231.9,231.9,231.9,231.9,231.9,0.0
2021-08-27 19:46:00-04:00,231.62,231.62,231.62,231.62,231.62,0.0
2021-08-27 19:48:00-04:00,231.86,231.86,231.86,231.86,231.86,0.0
2021-08-27 19:50:00-04:00,231.84,231.84,231.84,231.84,231.84,0.0
2021-08-27 19:52:00-04:00,231.63,231.64,231.4,231.4,231.4,0.0
2021-08-27 19:58:00-04:00,231.06,231.5,231.06,231.09,231.09,0.0
