Datetime,Open,High,Low,Close,Adj Close,Volume
2022-09-14 04:00:00-04:00,26.07,26.2,26.03,26.08,26.08,0
2022-09-14 04:01:00-04:00,26.08,26.1,26.04,26.1,26.1,0
2022-09-14 04:02:00-04:00,26.1,26.18,26.08,26.16,26.16,0
2022-09-14 04:03:00-04:00,26.17,26.2,26.16,26.18,26.18,0
2022-09-14 04:04:00-04:00,26.18,26.2,26.16,26.19,26.19,0
2022-09-14 04:05:00-04:00,26.19,26.2,26.17,26.2,26.2,0
2022-09-14 04:06:00-04:00,26.2,26.2,26.17,26.18,26.18,0
2022-09-14 04:07:00-04:00,26.17,26.24,26.17,26.24,26.24,0
2022-09-14 04:08:00-04:00,26.24,26.25,26.22,26.22,26.22,0
2022-09-14 04:09:00-04:00,26.22,26.23,26.2,26.23,26.23,0
2022-09-14 04:10:00-04:00,26.22,26.24,26.21,26.22,26.22,0
2022-09-14 04:11:00-04:00,26.22,26.25,26.21,26.22,26.22,0
2022-09-14 04:12:00-04:00,26.22,26.23,26.22,26.22,26.22,0
2022-09-14 04:13:00-04:00,26.22,26.24,26.22,26.22,26.22,0
2022-09-14 04:14:00-04:00,26.22,26.23,26.21,26.23,26.23,0
2022-09-14 04:15:00-04:00,26.23,26.24,26.22,26.22,26.22,0
2022-09-14 04:16:00-04:00,26.23,26.25,26.23,26.24,26.24,0
2022-09-14 04:17:00-04:00,26.24,26.24,26.21,26.22,26.22,0
2022-09-14 04:18:00-04:00,26.22,26.25,26.21,26.25,26.25,0
2022-09-14 04:19:00-04:00,26.24,26.25,26.23,26.24,26.24,0
2022-09-14 04:20:00-04:00,26.24,26.3,26.24,26.29,26.29,0
2022-09-14 04:21:00-04:00,26.29,26.3,26.23,26.24,26.24,0
2022-09-14 04:22:00-04:00,26.24,26.27,26.24,26.25,26.25,0
2022-09-14 04:23:00-04:00,26.25,26.27,26.25,26.27,26.27,0
2022-09-14 04:24:00-04:00,26.27,26.31,26.27,26.31,26.31,0
2022-09-14 04:25:00-04:00,26.31,26.31,26.28,26.28,26.28,0
2022-09-14 04:26:00-04:00,26.28,26.28,26.25,26.26,26.26,0
2022-09-14 04:27:00-04:00,26.27,26.27,26.23,26.23,26.23,0
2022-09-14 04:28:00-04:00,26.23,26.23,26.2,26.2,26.2,0
2022-09-14 04:29:00-04:00,26.21,26.21,26.19,26.2,26.2,0
2022-09-14 04:30:00-04:00,26.23,26.29,26.22,26.29,26.29,0
2022-09-14 04:31:00-04:00,26.3,26.32,26.3,26.32,26.32,0
2022-09-14 04:32:00-04:00,26.32,26.38,26.3,26.37,26.37,0
2022-09-14 04:33:00-04:00,26.37,26.43,26.36,26.42,26.42,0
2022-09-14 04:34:00-04:00,26.43,26.43,26.41,26.42,26.42,0
2022-09-14 04:35:00-04:00,26.42,26.43,26.41,26.42,26.42,0
2022-09-14 04:36:00-04:00,26.43,26.44,26.41,26.43,26.43,0
2022-09-14 04:37:00-04:00,26.44,26.45,26.42,26.42,26.42,0
2022-09-14 04:38:00-04:00,26.42,26.43,26.39,26.43,26.43,0
2022-09-14 04:39:00-04:00,26.42,26.42,26.36,26.37,26.37,0
2022-09-14 04:40:00-04:00,26.36,26.38,26.35,26.37,26.37,0
2022-09-14 04:41:00-04:00,26.37,26.38,26.33,26.34,26.34,0
2022-09-14 04:42:00-04:00,26.33,26.35,26.32,26.34,26.34,0
2022-09-14 04:43:00-04:00,26.33,26.36,26.33,26.36,26.36,0
2022-09-14 04:45:00-04:00,26.37,26.38,26.36,26.38,26.38,0
2022-09-14 04:46:00-04:00,26.38,26.38,26.34,26.35,26.35,0
2022-09-14 04:47:00-04:00,26.34,26.35,26.3,26.31,26.31,0
2022-09-14 04:48:00-04:00,26.3,26.31,26.28,26.29,26.29,0
2022-09-14 04:49:00-04:00,26.29,26.3,26.26,26.26,26.26,0
2022-09-14 04:50:00-04:00,26.26,26.27,26.25,26.25,26.25,0
2022-09-14 04:51:00-04:00,26.25,26.33,26.25,26.32,26.32,0
2022-09-14 04:52:00-04:00,26.32,26.35,26.3,26.31,26.31,0
2022-09-14 04:53:00-04:00,26.31,26.35,26.31,26.35,26.35,0
2022-09-14 04:54:00-04:00,26.35,26.35,26.34,26.35,26.35,0
2022-09-14 04:55:00-04:00,26.35,26.39,26.34,26.34,26.34,0
2022-09-14 04:56:00-04:00,26.34,26.34,26.32,26.32,26.32,0
2022-09-14 04:57:00-04:00,26.32,26.34,26.31,26.34,26.34,0
2022-09-14 04:58:00-04:00,26.34,26.35,26.29,26.3,26.3,0
2022-09-14 04:59:00-04:00,26.29,26.32,26.29,26.3,26.3,0
2022-09-14 05:00:00-04:00,26.3,26.3,26.28,26.28,26.28,0
2022-09-14 05:01:00-04:00,26.29,26.3,26.27,26.27,26.27,0
2022-09-14 05:02:00-04:00,26.28,26.29,26.27,26.29,26.29,0
2022-09-14 05:03:00-04:00,26.3,26.3,26.27,26.27,26.27,0
2022-09-14 05:04:00-04:00,26.27,26.27,26.25,26.25,26.25,0
2022-09-14 05:06:00-04:00,26.27,26.32,26.27,26.29,26.29,0
2022-09-14 05:07:00-04:00,26.3,26.3,26.28,26.29,26.29,0
2022-09-14 05:08:00-04:00,26.29,26.29,26.26,26.27,26.27,0
2022-09-14 05:09:00-04:00,26.27,26.28,26.26,26.27,26.27,0
2022-09-14 05:10:00-04:00,26.27,26.27,26.24,26.25,26.25,0
2022-09-14 05:11:00-04:00,26.24,26.24,26.21,26.23,26.23,0
2022-09-14 05:12:00-04:00,26.22,26.23,26.21,26.21,26.21,0
2022-09-14 05:13:00-04:00,26.21,26.22,26.2,26.21,26.21,0
2022-09-14 05:14:00-04:00,26.22,26.22,26.19,26.2,26.2,0
2022-09-14 05:15:00-04:00,26.2,26.2,26.19,26.19,26.19,0
2022-09-14 05:16:00-04:00,26.19,26.2,26.18,26.19,26.19,0
2022-09-14 05:17:00-04:00,26.18,26.21,26.18,26.2,26.2,0
2022-09-14 05:18:00-04:00,26.21,26.22,26.2,26.22,26.22,0
2022-09-14 05:19:00-04:00,26.22,26.24,26.21,26.24,26.24,0
2022-09-14 05:20:00-04:00,26.25,26.3,26.24,26.29,26.29,0
2022-09-14 05:21:00-04:00,26.3,26.3,26.26,26.28,26.28,0
2022-09-14 05:22:00-04:00,26.28,26.32,26.27,26.3,26.3,0
2022-09-14 05:23:00-04:00,26.31,26.32,26.3,26.31,26.31,0
2022-09-14 05:24:00-04:00,26.31,26.33,26.3,26.33,26.33,0
2022-09-14 05:25:00-04:00,26.33,26.34,26.32,26.33,26.33,0
2022-09-14 05:26:00-04:00,26.33,26.33,26.3,26.31,26.31,0
2022-09-14 05:27:00-04:00,26.31,26.31,26.3,26.31,26.31,0
2022-09-14 05:28:00-04:00,26.31,26.34,26.31,26.34,26.34,0
2022-09-14 05:29:00-04:00,26.35,26.35,26.33,26.34,26.34,0
2022-09-14 05:30:00-04:00,26.34,26.35,26.33,26.35,26.35,0
2022-09-14 05:31:00-04:00,26.35,26.36,26.28,26.29,26.29,0
2022-09-14 05:32:00-04:00,26.28,26.28,26.25,26.27,26.27,0
2022-09-14 05:33:00-04:00,26.27,26.27,26.26,26.27,26.27,0
2022-09-14 05:34:00-04:00,26.27,26.27,26.26,26.26,26.26,0
2022-09-14 05:35:00-04:00,26.26,26.26,26.25,26.26,26.26,0
2022-09-14 05:36:00-04:00,26.26,26.27,26.25,26.27,26.27,0
2022-09-14 05:37:00-04:00,26.27,26.3,26.27,26.3,26.3,0
2022-09-14 05:38:00-04:00,26.3,26.32,26.29,26.31,26.31,0
2022-09-14 05:39:00-04:00,26.32,26.33,26.3,26.3,26.3,0
2022-09-14 05:40:00-04:00,26.3,26.31,26.3,26.3,26.3,0
2022-09-14 05:43:00-04:00,26.26,26.27,26.22,26.23,26.23,0
2022-09-14 05:44:00-04:00,26.23,26.23,26.21,26.21,26.21,0
2022-09-14 05:46:00-04:00,26.24,26.26,26.23,26.23,26.23,0
2022-09-14 05:47:00-04:00,26.23,26.23,26.22,26.23,26.23,0
2022-09-14 05:48:00-04:00,26.22,26.23,26.21,26.22,26.22,0
2022-09-14 05:49:00-04:00,26.22,26.23,26.2,26.22,26.22,0
2022-09-14 05:52:00-04:00,26.22,26.22,26.17,26.18,26.18,0
2022-09-14 05:53:00-04:00,26.18,26.18,26.15,26.16,26.16,0
2022-09-14 05:54:00-04:00,26.15,26.17,26.15,26.16,26.16,0
2022-09-14 05:55:00-04:00,26.15,26.15,26.11,26.11,26.11,0
2022-09-14 05:56:00-04:00,26.12,26.17,26.12,26.17,26.17,0
2022-09-14 05:57:00-04:00,26.16,26.18,26.15,26.17,26.17,0
2022-09-14 05:58:00-04:00,26.17,26.18,26.17,26.18,26.18,0
2022-09-14 06:01:00-04:00,26.2,26.24,26.2,26.23,26.23,0
2022-09-14 06:02:00-04:00,26.24,26.24,26.22,26.23,26.23,0
2022-09-14 06:03:00-04:00,26.22,26.23,26.22,26.23,26.23,0
2022-09-14 06:04:00-04:00,26.22,26.25,26.22,26.24,26.24,0
2022-09-14 06:05:00-04:00,26.24,26.27,26.24,26.26,26.26,0
2022-09-14 06:06:00-04:00,26.26,26.26,26.22,26.22,26.22,0
2022-09-14 06:07:00-04:00,26.22,26.22,26.2,26.21,26.21,0
2022-09-14 06:08:00-04:00,26.21,26.22,26.19,26.22,26.22,0
2022-09-14 06:10:00-04:00,26.24,26.25,26.23,26.25,26.25,0
2022-09-14 06:12:00-04:00,26.27,26.28,26.26,26.28,26.28,0
2022-09-14 06:13:00-04:00,26.27,26.28,26.25,26.25,26.25,0
2022-09-14 06:15:00-04:00,26.25,26.26,26.24,26.26,26.26,0
2022-09-14 06:17:00-04:00,26.25,26.27,26.24,26.27,26.27,0
2022-09-14 06:18:00-04:00,26.28,26.3,26.28,26.29,26.29,0
2022-09-14 06:19:00-04:00,26.28,26.29,26.26,26.27,26.27,0
2022-09-14 06:21:00-04:00,26.27,26.27,26.25,26.26,26.26,0
2022-09-14 06:23:00-04:00,26.28,26.29,26.27,26.28,26.28,0
2022-09-14 06:24:00-04:00,26.28,26.28,26.26,26.28,26.28,0
2022-09-14 06:25:00-04:00,26.29,26.29,26.26,26.26,26.26,0
2022-09-14 06:26:00-04:00,26.28,26.28,26.25,26.25,26.25,0
2022-09-14 06:28:00-04:00,26.25,26.25,26.24,26.24,26.24,0
2022-09-14 06:29:00-04:00,26.24,26.26,26.23,26.25,26.25,0
2022-09-14 06:30:00-04:00,26.25,26.26,26.23,26.24,26.24,0
2022-09-14 06:31:00-04:00,26.24,26.25,26.24,26.24,26.24,0
2022-09-14 06:32:00-04:00,26.25,26.25,26.2,26.2,26.2,0
2022-09-14 06:33:00-04:00,26.2,26.2,26.16,26.16,26.16,0
2022-09-14 06:34:00-04:00,26.16,26.2,26.16,26.2,26.2,0
2022-09-14 06:35:00-04:00,26.19,26.2,26.17,26.18,26.18,0
2022-09-14 06:36:00-04:00,26.18,26.21,26.18,26.19,26.19,0
2022-09-14 06:37:00-04:00,26.19,26.19,26.17,26.18,26.18,0
2022-09-14 06:38:00-04:00,26.19,26.2,26.18,26.2,26.2,0
2022-09-14 06:40:00-04:00,26.18,26.18,26.17,26.18,26.18,0
2022-09-14 06:42:00-04:00,26.18,26.2,26.17,26.18,26.18,0
2022-09-14 06:43:00-04:00,26.18,26.18,26.14,26.15,26.15,0
2022-09-14 06:44:00-04:00,26.15,26.15,26.12,26.12,26.12,0
2022-09-14 06:45:00-04:00,26.11,26.15,26.11,26.14,26.14,0
2022-09-14 06:46:00-04:00,26.15,26.16,26.13,26.13,26.13,0
2022-09-14 06:47:00-04:00,26.13,26.13,26.11,26.13,26.13,0
2022-09-14 06:48:00-04:00,26.13,26.13,26.1,26.11,26.11,0
2022-09-14 06:49:00-04:00,26.11,26.13,26.11,26.12,26.12,0
2022-09-14 06:50:00-04:00,26.12,26.12,26.08,26.09,26.09,0
2022-09-14 06:51:00-04:00,26.08,26.09,26.08,26.08,26.08,0
2022-09-14 06:52:00-04:00,26.09,26.09,26.08,26.09,26.09,0
2022-09-14 06:53:00-04:00,26.09,26.1,26.09,26.09,26.09,0
2022-09-14 06:54:00-04:00,26.1,26.11,26.09,26.11,26.11,0
2022-09-14 06:55:00-04:00,26.12,26.13,26.12,26.12,26.12,0
2022-09-14 06:56:00-04:00,26.13,26.16,26.13,26.16,26.16,0
2022-09-14 06:57:00-04:00,26.17,26.18,26.15,26.17,26.17,0
2022-09-14 06:58:00-04:00,26.16,26.16,26.15,26.16,26.16,0
2022-09-14 06:59:00-04:00,26.16,26.17,26.15,26.15,26.15,0
2022-09-14 07:00:00-04:00,26.15,26.16,26.14,26.15,26.15,0
2022-09-14 07:01:00-04:00,26.15,26.15,26.12,26.13,26.13,0
2022-09-14 07:02:00-04:00,26.12,26.12,26.08,26.08,26.08,0
2022-09-14 07:03:00-04:00,26.08,26.11,26.07,26.08,26.08,0
2022-09-14 07:04:00-04:00,26.1,26.1,26.05,26.05,26.05,0
2022-09-14 07:05:00-04:00,26.06,26.07,26.04,26.05,26.05,0
2022-09-14 07:06:00-04:00,26.05,26.05,26.02,26.05,26.05,0
2022-09-14 07:07:00-04:00,26.04,26.05,26.02,26.04,26.04,0
2022-09-14 07:08:00-04:00,26.03,26.04,26.02,26.03,26.03,0
2022-09-14 07:09:00-04:00,26.02,26.07,26.02,26.07,26.07,0
2022-09-14 07:10:00-04:00,26.07,26.09,26.06,26.06,26.06,0
2022-09-14 07:11:00-04:00,26.07,26.08,26.029,26.029,26.029,0
2022-09-14 07:12:00-04:00,26.029,26.03,26.0,26.01,26.01,0
2022-09-14 07:13:00-04:00,26.01,26.02,26.0,26.0,26.0,0
2022-09-14 07:14:00-04:00,26.01,26.02,26.0,26.01,26.01,0
2022-09-14 07:15:00-04:00,26.01,26.02,26.01,26.02,26.02,0
2022-09-14 07:16:00-04:00,26.01,26.03,26.0,26.01,26.01,0
2022-09-14 07:17:00-04:00,26.01,26.01,25.98,25.99,25.99,0
2022-09-14 07:18:00-04:00,25.99,26.01,25.97,25.99,25.99,0
2022-09-14 07:19:00-04:00,25.99,26.01,25.98,25.98,25.98,0
2022-09-14 07:20:00-04:00,25.99,25.99,25.95,25.95,25.95,0
2022-09-14 07:21:00-04:00,25.96,25.96,25.93,25.94,25.94,0
2022-09-14 07:22:00-04:00,25.94,25.94,25.93,25.93,25.93,0
2022-09-14 07:23:00-04:00,25.94,25.95,25.92,25.92,25.92,0
2022-09-14 07:24:00-04:00,25.92,25.92,25.9,25.9,25.9,0
2022-09-14 07:25:00-04:00,25.9,25.91,25.88,25.88,25.88,0
2022-09-14 07:26:00-04:00,25.89,25.91,25.88,25.91,25.91,0
2022-09-14 07:27:00-04:00,25.91,25.94,25.91,25.94,25.94,0
2022-09-14 07:28:00-04:00,25.94,25.94,25.929,25.93,25.93,0
2022-09-14 07:29:00-04:00,25.92,25.93,25.88,25.89,25.89,0
2022-09-14 07:30:00-04:00,25.89,25.9,25.88,25.88,25.88,0
2022-09-14 07:31:00-04:00,25.89,25.89,25.86,25.89,25.89,0
2022-09-14 07:32:00-04:00,25.89,25.93,25.87,25.93,25.93,0
2022-09-14 07:33:00-04:00,25.93,25.93,25.88,25.88,25.88,0
2022-09-14 07:34:00-04:00,25.89,25.89,25.83,25.85,25.85,0
2022-09-14 07:35:00-04:00,25.85,25.9,25.85,25.87,25.87,0
2022-09-14 07:36:00-04:00,25.87,25.92,25.87,25.92,25.92,0
2022-09-14 07:37:00-04:00,25.92,25.92,25.87,25.89,25.89,0
2022-09-14 07:38:00-04:00,25.89,25.92,25.89,25.91,25.91,0
2022-09-14 07:39:00-04:00,25.91,25.95,25.91,25.95,25.95,0
2022-09-14 07:40:00-04:00,25.95,25.97,25.93,25.93,25.93,0
2022-09-14 07:41:00-04:00,25.94,25.94,25.88,25.9,25.9,0
2022-09-14 07:42:00-04:00,25.89,25.94,25.88,25.89,25.89,0
2022-09-14 07:43:00-04:00,25.89,25.89,25.86,25.87,25.87,0
2022-09-14 07:44:00-04:00,25.86,25.87,25.84,25.84,25.84,0
2022-09-14 07:45:00-04:00,25.85,25.85,25.82,25.84,25.84,0
2022-09-14 07:46:00-04:00,25.83,25.83,25.81,25.82,25.82,0
2022-09-14 07:47:00-04:00,25.82,25.85,25.81,25.85,25.85,0
2022-09-14 07:48:00-04:00,25.85,25.87,25.8,25.8,25.8,0
2022-09-14 07:49:00-04:00,25.8,25.81,25.76,25.77,25.77,0
2022-09-14 07:50:00-04:00,25.76,25.79,25.75,25.77,25.77,0
2022-09-14 07:51:00-04:00,25.77,25.78,25.74,25.75,25.75,0
2022-09-14 07:52:00-04:00,25.75,25.75,25.7,25.71,25.71,0
2022-09-14 07:53:00-04:00,25.7,25.71,25.69,25.69,25.69,0
2022-09-14 07:54:00-04:00,25.69,25.69,25.65,25.66,25.66,0
2022-09-14 07:55:00-04:00,25.65,25.67,25.62,25.63,25.63,0
2022-09-14 07:56:00-04:00,25.63,25.64,25.6,25.6,25.6,0
2022-09-14 07:57:00-04:00,25.61,25.63,25.59,25.61,25.61,0
2022-09-14 07:58:00-04:00,25.62,25.66,25.6,25.6,25.6,0
2022-09-14 07:59:00-04:00,25.6,25.62,25.57,25.61,25.61,0
2022-09-14 08:00:00-04:00,25.61,26.4388,25.59,25.6588,25.6588,0
2022-09-14 08:01:00-04:00,25.65,26.2,25.595,25.66,25.66,0
2022-09-14 08:02:00-04:00,25.66,25.69,25.64,25.6512,25.6512,0
2022-09-14 08:03:00-04:00,25.65,25.7,25.65,25.69,25.69,0
2022-09-14 08:04:00-04:00,25.69,25.7,25.64,25.64,25.64,0
2022-09-14 08:05:00-04:00,25.64,25.68,25.63,25.67,25.67,0
2022-09-14 08:06:00-04:00,25.68,25.72,25.67,25.72,25.72,0
2022-09-14 08:07:00-04:00,25.72,25.74,25.71,25.73,25.73,0
2022-09-14 08:08:00-04:00,25.72,25.73,25.7,25.7,25.7,0
2022-09-14 08:09:00-04:00,25.71,25.71,25.66,25.7,25.7,0
2022-09-14 08:10:00-04:00,25.71,25.72,25.68,25.6812,25.6812,0
2022-09-14 08:11:00-04:00,25.69,25.72,25.67,25.71,25.71,0
2022-09-14 08:12:00-04:00,25.7,25.71,25.67,25.7,25.7,0
2022-09-14 08:13:00-04:00,25.7012,25.75,25.7,25.72,25.72,0
2022-09-14 08:14:00-04:00,25.73,25.79,25.71,25.79,25.79,0
2022-09-14 08:15:00-04:00,25.79,25.79,25.77,25.78,25.78,0
2022-09-14 08:16:00-04:00,25.78,25.8,25.75,25.77,25.77,0
2022-09-14 08:17:00-04:00,25.77,25.81,25.7696,25.77,25.77,0
2022-09-14 08:18:00-04:00,25.78,25.85,25.77,25.84,25.84,0
2022-09-14 08:19:00-04:00,25.84,25.88,25.84,25.88,25.88,0
2022-09-14 08:20:00-04:00,25.88,25.88,25.86,25.87,25.87,0
2022-09-14 08:21:00-04:00,25.87,25.88,25.86,25.87,25.87,0
2022-09-14 08:22:00-04:00,25.88,25.88,25.85,25.86,25.86,0
2022-09-14 08:23:00-04:00,25.86,25.87,25.83,25.86,25.86,0
2022-09-14 08:24:00-04:00,25.8488,25.9,25.8412,25.89,25.89,0
2022-09-14 08:25:00-04:00,25.9,25.91,25.865,25.9,25.9,0
2022-09-14 08:26:00-04:00,25.89,25.92,25.89,25.92,25.92,0
2022-09-14 08:27:00-04:00,25.9196,25.92,25.91,25.92,25.92,0
2022-09-14 08:28:00-04:00,25.91,25.92,25.9,25.911,25.911,0
2022-09-14 08:29:00-04:00,25.92,25.93,25.9,25.91,25.91,0
2022-09-14 08:30:00-04:00,25.93,26.0,25.74,25.88,25.88,0
2022-09-14 08:31:00-04:00,25.89,25.98,25.84,25.85,25.85,0
2022-09-14 08:32:00-04:00,25.85,25.87,25.7512,25.7588,25.7588,0
2022-09-14 08:33:00-04:00,25.76,25.8196,25.7412,25.81,25.81,0
2022-09-14 08:34:00-04:00,25.8088,25.82,25.78,25.82,25.82,0
2022-09-14 08:35:00-04:00,25.83,25.88,25.82,25.87,25.87,0
2022-09-14 08:36:00-04:00,25.87,25.97,25.87,25.939,25.939,0
2022-09-14 08:37:00-04:00,25.94,25.94,25.9,25.94,25.94,0
2022-09-14 08:38:00-04:00,25.94,25.97,25.93,25.97,25.97,0
2022-09-14 08:39:00-04:00,25.96,26.06,25.96,26.04,26.04,0
2022-09-14 08:40:00-04:00,26.04,26.06,26.01,26.0588,26.0588,0
2022-09-14 08:41:00-04:00,26.06,26.09,26.04,26.07,26.07,0
2022-09-14 08:42:00-04:00,26.08,26.11,26.07,26.11,26.11,0
2022-09-14 08:43:00-04:00,26.1,26.11,26.07,26.095,26.095,0
2022-09-14 08:44:00-04:00,26.09,26.13,26.07,26.12,26.12,0
2022-09-14 08:45:00-04:00,26.11,26.12,26.08,26.09,26.09,0
2022-09-14 08:47:00-04:00,26.0888,26.09,26.0,26.01,26.01,0
2022-09-14 08:48:00-04:00,26.01,26.04,26.0,26.03,26.03,0
2022-09-14 08:49:00-04:00,26.03,26.04,25.96,25.96,25.96,0
2022-09-14 08:50:00-04:00,25.96,25.99,25.95,25.99,25.99,0
2022-09-14 08:51:00-04:00,25.98,26.07,25.98,26.07,26.07,0
2022-09-14 08:52:00-04:00,26.07,26.11,26.06,26.09,26.09,0
2022-09-14 08:53:00-04:00,26.08,26.09,26.08,26.09,26.09,0
2022-09-14 08:54:00-04:00,26.13,26.14,26.1,26.12,26.12,0
2022-09-14 08:55:00-04:00,26.13,26.17,26.12,26.1694,26.1694,0
2022-09-14 08:56:00-04:00,26.165,26.17,26.13,26.14,26.14,0
2022-09-14 08:57:00-04:00,26.14,26.14,26.1,26.12,26.12,0
2022-09-14 08:58:00-04:00,26.115,26.15,26.07,26.08,26.08,0
2022-09-14 08:59:00-04:00,26.08,26.1,26.07,26.09,26.09,0
2022-09-14 09:00:00-04:00,26.09,26.09,26.04,26.06,26.06,0
2022-09-14 09:01:00-04:00,26.06,26.07,26.01,26.02,26.02,0
2022-09-14 09:02:00-04:00,26.02,26.07,26.01,26.05,26.05,0
2022-09-14 09:03:00-04:00,26.0512,26.12,26.05,26.1,26.1,0
2022-09-14 09:04:00-04:00,26.1,26.1,26.06,26.09,26.09,0
2022-09-14 09:05:00-04:00,26.08,26.12,26.07,26.1,26.1,0
2022-09-14 09:06:00-04:00,26.11,26.14,26.1,26.14,26.14,0
2022-09-14 09:07:00-04:00,26.14,26.15,26.12,26.12,26.12,0
2022-09-14 09:08:00-04:00,26.13,26.13,26.06,26.0688,26.0688,0
2022-09-14 09:09:00-04:00,26.06,26.07,26.02,26.05,26.05,0
2022-09-14 09:10:00-04:00,26.05,26.08,26.04,26.045,26.045,0
2022-09-14 09:11:00-04:00,26.049,26.1,26.04,26.09,26.09,0
2022-09-14 09:12:00-04:00,26.1,26.12,26.06,26.07,26.07,0
2022-09-14 09:13:00-04:00,26.07,26.0788,26.03,26.05,26.05,0
2022-09-14 09:14:00-04:00,26.05,26.08,26.03,26.08,26.08,0
2022-09-14 09:16:00-04:00,26.07,26.09,26.06,26.08,26.08,0
2022-09-14 09:17:00-04:00,26.08,26.08,26.04,26.06,26.06,0
2022-09-14 09:18:00-04:00,26.05,26.07,26.03,26.0588,26.0588,0
2022-09-14 09:19:00-04:00,26.06,26.1,26.05,26.0712,26.0712,0
2022-09-14 09:20:00-04:00,26.0788,26.1,26.06,26.0888,26.0888,0
2022-09-14 09:21:00-04:00,26.09,26.1088,26.045,26.045,26.045,0
2022-09-14 09:22:00-04:00,26.05,26.05,26.01,26.02,26.02,0
2022-09-14 09:23:00-04:00,26.02,26.05,26.01,26.03,26.03,0
2022-09-14 09:24:00-04:00,26.04,26.08,26.01,26.07,26.07,0
2022-09-14 09:25:00-04:00,26.07,26.13,26.07,26.13,26.13,0
2022-09-14 09:26:00-04:00,26.13,26.13,26.09,26.13,26.13,0
2022-09-14 09:27:00-04:00,26.13,26.13,26.1,26.115,26.115,0
2022-09-14 09:28:00-04:00,26.12,26.14,26.1,26.115,26.115,0
2022-09-14 09:29:00-04:00,26.11,26.13,26.1,26.115,26.115,0
2022-09-14 09:30:00-04:00,26.125,26.149999618530273,26.030000686645508,26.059999465942383,26.059999465942383,10529297
2022-09-14 09:31:00-04:00,26.059999465942383,26.189599990844727,25.969999313354492,25.9950008392334,25.9950008392334,863958
2022-09-14 09:32:00-04:00,25.9950008392334,26.039899826049805,25.8700008392334,26.020000457763672,26.020000457763672,535346
2022-09-14 09:33:00-04:00,25.815000534057617,25.82999992370605,25.792299270629883,25.799999237060547,25.799999237060547,872636
2022-09-14 09:34:00-04:00,25.875,25.888500213623047,25.680999755859375,25.698400497436523,25.698400497436523,806196
2022-09-14 09:35:00-04:00,25.75,25.75,25.709999084472656,25.71500015258789,25.71500015258789,689888
2022-09-14 09:36:00-04:00,25.75,25.75,25.71999931335449,25.729999542236328,25.729999542236328,617840
2022-09-14 09:37:00-04:00,25.75,25.760000228881836,25.75,25.750099182128906,25.750099182128906,477594
2022-09-14 09:38:00-04:00,25.829599380493164,25.905000686645508,25.829599380493164,25.868999481201172,25.868999481201172,623816
2022-09-14 09:39:00-04:00,25.875,25.875,25.850000381469727,25.850000381469727,25.850000381469727,807136
2022-09-14 09:40:00-04:00,25.75,25.75,25.73600006103516,25.74180030822754,25.74180030822754,736446
2022-09-14 09:41:00-04:00,25.75,25.80900001525879,25.75,25.805400848388672,25.805400848388672,470340
2022-09-14 09:42:00-04:00,25.75,25.8799991607666,25.72010040283203,25.875,25.875,432742
2022-09-14 09:43:00-04:00,25.959999084472656,25.959999084472656,25.915000915527344,25.918800354003903,25.918800354003903,855751
2022-09-14 09:44:00-04:00,25.962900161743164,26.0,25.95499992370605,25.98500061035156,25.98500061035156,293867
2022-09-14 09:45:00-04:00,26.295000076293945,26.299999237060547,26.260099411010742,26.28700065612793,26.28700065612793,2336927
2022-09-14 09:46:00-04:00,26.375,26.375,26.25,26.255699157714844,26.255699157714844,1553078
2022-09-14 09:47:00-04:00,26.25,26.25,26.21999931335449,26.2450008392334,26.2450008392334,686514
2022-09-14 09:48:00-04:00,26.15999984741211,26.239999771118164,26.1200008392334,26.123300552368164,26.123300552368164,967368
2022-09-14 09:49:00-04:00,26.128400802612305,26.145299911499023,26.030000686645508,26.059900283813477,26.059900283813477,709144
2022-09-14 09:50:00-04:00,26.05500030517578,26.057899475097656,25.969999313354492,26.002500534057617,26.002500534057617,596204
2022-09-14 09:51:00-04:00,26.0,26.07999992370605,25.997900009155277,26.030000686645508,26.030000686645508,611809
2022-09-14 09:52:00-04:00,26.030000686645508,26.049999237060547,25.899999618530273,25.9950008392334,25.9950008392334,775724
2022-09-14 09:53:00-04:00,25.98349952697754,26.18000030517578,25.981000900268555,26.165000915527344,26.165000915527344,875619
2022-09-14 09:54:00-04:00,26.15999984741211,26.170000076293945,26.01000022888184,26.020099639892575,26.020099639892575,579569
2022-09-14 09:55:00-04:00,26.02989959716797,26.07670021057129,25.950000762939453,26.018800735473633,26.018800735473633,1000494
2022-09-14 09:56:00-04:00,26.014999389648438,26.1299991607666,26.010099411010742,26.0802001953125,26.0802001953125,398839
2022-09-14 09:57:00-04:00,26.08139991760254,26.084999084472656,25.959999084472656,26.040000915527344,26.040000915527344,417204
2022-09-14 09:58:00-04:00,26.030000686645508,26.18000030517578,26.020000457763672,26.15999984741211,26.15999984741211,354311
2022-09-14 09:59:00-04:00,26.19099998474121,26.280000686645508,26.14999961853028,26.27499961853028,26.27499961853028,933806
2022-09-14 10:00:00-04:00,26.280000686645508,26.299999237060547,26.17009925842285,26.184999465942383,26.184999465942383,629391
2022-09-14 10:01:00-04:00,26.184999465942383,26.26000022888184,26.15999984741211,26.19499969482422,26.19499969482422,320158
2022-09-14 10:02:00-04:00,26.200000762939453,26.270000457763672,26.13999938964844,26.149900436401367,26.149900436401367,544259
2022-09-14 10:03:00-04:00,26.145000457763672,26.200000762939453,26.09000015258789,26.09499931335449,26.09499931335449,378398
2022-09-14 10:04:00-04:00,26.100000381469727,26.1299991607666,26.030000686645508,26.114999771118164,26.114999771118164,613545
2022-09-14 10:05:00-04:00,26.11389923095703,26.1299991607666,26.020099639892578,26.06999969482422,26.06999969482422,373910
2022-09-14 10:06:00-04:00,26.059999465942383,26.19499969482422,26.0403995513916,26.174999237060547,26.174999237060547,389109
2022-09-14 10:07:00-04:00,26.18000030517578,26.30620002746582,26.155000686645508,26.264999389648438,26.264999389648438,648781
2022-09-14 10:08:00-04:00,26.264999389648438,26.32990074157715,26.229999542236328,26.260000228881836,26.260000228881836,508432
2022-09-14 10:09:00-04:00,26.207199096679688,26.21500015258789,26.15999984741211,26.179000854492188,26.179000854492188,592484
2022-09-14 10:10:00-04:00,26.17329978942871,26.270000457763672,26.1299991607666,26.2593994140625,26.2593994140625,440889
2022-09-14 10:11:00-04:00,26.260099411010746,26.31999969482422,26.229999542236328,26.292800903320312,26.292800903320312,467344
2022-09-14 10:12:00-04:00,26.290000915527344,26.299999237060547,26.21999931335449,26.247299194335938,26.247299194335938,297484
2022-09-14 10:13:00-04:00,26.2450008392334,26.2450008392334,26.059999465942383,26.104999542236328,26.104999542236328,652774
2022-09-14 10:14:00-04:00,26.109899520874023,26.190000534057617,26.09000015258789,26.149900436401367,26.149900436401367,488464
2022-09-14 10:15:00-04:00,26.149999618530273,26.309999465942383,26.149999618530273,26.307899475097656,26.307899475097656,622142
2022-09-14 10:16:00-04:00,26.305700302124023,26.34000015258789,26.150999069213867,26.155000686645508,26.155000686645508,564039
2022-09-14 10:17:00-04:00,26.155000686645508,26.239999771118164,26.150100708007812,26.190000534057617,26.190000534057617,364691
2022-09-14 10:18:00-04:00,26.19499969482422,26.200000762939453,26.100000381469727,26.100299835205078,26.100299835205078,442940
2022-09-14 10:19:00-04:00,26.104999542236328,26.1299991607666,26.049999237060547,26.11389923095703,26.11389923095703,504761
2022-09-14 10:20:00-04:00,26.1200008392334,26.219999313354492,26.1200008392334,26.139999389648438,26.139999389648438,420113
2022-09-14 10:21:00-04:00,26.13999938964844,26.15999984741211,26.01000022888184,26.01000022888184,26.01000022888184,368943
2022-09-14 10:22:00-04:00,26.019899368286133,26.069900512695312,25.9950008392334,26.01099967956543,26.01099967956543,1037410
2022-09-14 10:23:00-04:00,26.011199951171875,26.02199935913086,25.940000534057617,25.940000534057617,25.940000534057617,1018599
2022-09-14 10:24:00-04:00,25.94499969482422,25.989999771118164,25.920000076293945,25.975000381469727,25.975000381469727,300846
2022-09-14 10:25:00-04:00,26.0049991607666,26.020000457763672,25.940099716186523,25.940099716186523,25.940099716186523,461077
2022-09-14 10:26:00-04:00,25.940000534057617,25.950000762939453,25.799999237060547,25.81100082397461,25.81100082397461,910404
2022-09-14 10:27:00-04:00,25.815000534057617,25.84000015258789,25.739999771118164,25.7450008392334,25.7450008392334,502004
2022-09-14 10:28:00-04:00,25.75,25.786800384521484,25.729999542236328,25.779300689697266,25.779300689697266,505938
2022-09-14 10:29:00-04:00,25.774999618530277,25.799999237060547,25.709999084472656,25.710100173950195,25.710100173950195,298574
2022-09-14 10:30:00-04:00,25.719999313354492,25.780000686645508,25.649999618530273,25.7450008392334,25.7450008392334,611422
2022-09-14 10:31:00-04:00,25.730100631713867,25.899999618530273,25.730100631713867,25.820100784301758,25.820100784301758,662804
2022-09-14 10:32:00-04:00,25.825000762939453,25.905000686645508,25.825000762939453,25.8799991607666,25.8799991607666,677153
2022-09-14 10:33:00-04:00,25.875,26.020000457763672,25.875,25.959999084472656,25.959999084472656,489101
2022-09-14 10:34:00-04:00,25.96500015258789,25.989900588989254,25.93000030517578,25.959999084472656,25.959999084472656,268310
2022-09-14 10:35:00-04:00,25.959999084472656,26.049999237060547,25.93400001525879,25.979999542236328,25.979999542236328,452125
2022-09-14 10:36:00-04:00,25.98500061035156,26.049999237060547,25.975000381469727,25.9950008392334,25.9950008392334,466963
2022-09-14 10:37:00-04:00,26.0,26.030000686645508,25.950000762939453,26.020000457763672,26.020000457763672,241360
2022-09-14 10:38:00-04:00,26.020000457763672,26.21999931335449,26.01000022888184,26.21319961547852,26.21319961547852,822856
2022-09-14 10:39:00-04:00,26.21030044555664,26.2549991607666,26.18000030517578,26.190000534057617,26.190000534057617,557469
2022-09-14 10:40:00-04:00,26.200000762939453,26.200000762939453,26.1299991607666,26.200000762939453,26.200000762939453,481962
2022-09-14 10:41:00-04:00,26.200000762939453,26.25,26.165000915527344,26.229999542236328,26.229999542236328,328539
2022-09-14 10:42:00-04:00,26.225000381469727,26.290000915527344,26.219999313354492,26.270000457763672,26.270000457763672,444160
2022-09-14 10:43:00-04:00,26.280000686645508,26.3799991607666,26.229999542236328,26.350000381469727,26.350000381469727,1217342
2022-09-14 10:44:00-04:00,26.350000381469727,26.350000381469727,26.290000915527344,26.301000595092773,26.301000595092773,461265
2022-09-14 10:45:00-04:00,26.309999465942383,26.3700008392334,26.2549991607666,26.34000015258789,26.34000015258789,530062
2022-09-14 10:46:00-04:00,26.32999992370605,26.350000381469727,26.239999771118164,26.32990074157715,26.32990074157715,414044
2022-09-14 10:47:00-04:00,26.334999084472656,26.33989906311035,26.26000022888184,26.26499938964844,26.26499938964844,225553
2022-09-14 10:48:00-04:00,26.26000022888184,26.290000915527344,26.209999084472656,26.21500015258789,26.21500015258789,367555
2022-09-14 10:49:00-04:00,26.223899841308594,26.259700775146484,26.190000534057617,26.22610092163086,26.22610092163086,352645
2022-09-14 10:50:00-04:00,26.225000381469727,26.295000076293945,26.200000762939453,26.25,26.25,253031
2022-09-14 10:52:00-04:00,26.31999969482422,26.32999992370605,26.26000022888184,26.296499252319336,26.296499252319336,1092589
2022-09-14 10:53:00-04:00,26.295000076293945,26.40999984741211,26.280000686645508,26.405000686645508,26.405000686645508,458070
2022-09-14 10:54:00-04:00,26.405000686645508,26.5,26.395000457763672,26.480100631713867,26.480100631713867,997449
2022-09-14 10:55:00-04:00,26.481700897216797,26.489999771118164,26.290000915527344,26.30500030517578,26.30500030517578,751468
2022-09-14 10:56:00-04:00,26.307899475097656,26.36050033569336,26.30010032653809,26.35770034790039,26.35770034790039,388288
2022-09-14 10:57:00-04:00,26.350000381469727,26.375,26.309999465942383,26.350000381469727,26.350000381469727,203337
2022-09-14 10:58:00-04:00,26.34000015258789,26.40850067138672,26.34000015258789,26.390100479125977,26.390100479125977,913387
2022-09-14 10:59:00-04:00,26.399900436401367,26.43989944458008,26.36039924621582,26.43000030517578,26.43000030517578,271606
2022-09-14 11:00:00-04:00,26.42530059814453,26.450000762939453,26.360000610351562,26.361000061035156,26.361000061035156,439401
2022-09-14 11:01:00-04:00,26.3700008392334,26.3700008392334,26.295000076293945,26.30500030517578,26.30500030517578,292812
2022-09-14 11:02:00-04:00,26.30500030517578,26.350000381469727,26.280000686645508,26.339399337768555,26.339399337768555,279834
2022-09-14 11:03:00-04:00,26.33930015563965,26.350000381469727,26.25,26.2549991607666,26.2549991607666,298866
2022-09-14 11:04:00-04:00,26.2549991607666,26.329999923706055,26.2549991607666,26.329999923706055,26.329999923706055,178368
2022-09-14 11:05:00-04:00,26.33180046081543,26.354999542236328,26.2549991607666,26.32999992370605,26.32999992370605,308228
2022-09-14 11:06:00-04:00,26.33989906311035,26.6200008392334,26.320100784301758,26.575000762939453,26.575000762939453,1065741
2022-09-14 11:07:00-04:00,26.57999992370605,26.6200008392334,26.51000022888184,26.53039932250977,26.53039932250977,635644
2022-09-14 11:08:00-04:00,26.53009986877441,26.61000061035156,26.53009986877441,26.59000015258789,26.59000015258789,313271
2022-09-14 11:09:00-04:00,26.58359909057617,26.6200008392334,26.559999465942383,26.59000015258789,26.59000015258789,326634
2022-09-14 11:10:00-04:00,26.5900993347168,26.6299991607666,26.549999237060547,26.61000061035156,26.61000061035156,426197
2022-09-14 11:11:00-04:00,26.61000061035156,26.614999771118164,26.520099639892575,26.56999969482422,26.56999969482422,448273
2022-09-14 11:12:00-04:00,26.56999969482422,26.649999618530277,26.56319999694824,26.625,26.625,891179
2022-09-14 11:13:00-04:00,26.625,26.670000076293945,26.55500030517578,26.59499931335449,26.59499931335449,912501
2022-09-14 11:14:00-04:00,26.600000381469727,26.609899520874023,26.530000686645508,26.537099838256836,26.537099838256836,521894
2022-09-14 11:15:00-04:00,26.53499984741211,26.57010078430176,26.530000686645508,26.54010009765625,26.54010009765625,431904
2022-09-14 11:16:00-04:00,26.540000915527344,26.57999992370605,26.51499938964844,26.540000915527344,26.540000915527344,264714
2022-09-14 11:17:00-04:00,26.54990005493164,26.576000213623047,26.5,26.52499961853028,26.52499961853028,228519
2022-09-14 11:18:00-04:00,26.516000747680664,26.520000457763672,26.440000534057617,26.459999084472656,26.459999084472656,488428
2022-09-14 11:19:00-04:00,26.459999084472656,26.5,26.450000762939453,26.490100860595703,26.490100860595703,201551
2022-09-14 11:20:00-04:00,26.489999771118164,26.497800827026367,26.399999618530273,26.420000076293945,26.420000076293945,375127
2022-09-14 11:21:00-04:00,26.40999984741211,26.450000762939453,26.389999389648438,26.450000762939453,26.450000762939453,310338
2022-09-14 11:22:00-04:00,26.440099716186523,26.449899673461914,26.329999923706055,26.334999084472656,26.334999084472656,317223
2022-09-14 11:23:00-04:00,26.34000015258789,26.450000762939453,26.334999084472656,26.431699752807617,26.431699752807617,311227
2022-09-14 11:24:00-04:00,26.433500289916992,26.46969985961914,26.3700008392334,26.395000457763672,26.395000457763672,456212
2022-09-14 11:25:00-04:00,26.389999389648438,26.40999984741211,26.329999923706055,26.399999618530273,26.399999618530273,330553
2022-09-14 11:26:00-04:00,26.407400131225586,26.43000030517578,26.364999771118164,26.409700393676758,26.409700393676758,176499
2022-09-14 11:27:00-04:00,26.40999984741211,26.41990089416504,26.329999923706055,26.346500396728516,26.346500396728516,202847
2022-09-14 11:28:00-04:00,26.350000381469727,26.40999984741211,26.334999084472656,26.40970039367676,26.40970039367676,215335
2022-09-14 11:29:00-04:00,26.405000686645508,26.405000686645508,26.299999237060547,26.309999465942383,26.309999465942383,370203
2022-09-14 11:30:00-04:00,26.300100326538086,26.320100784301758,26.270000457763672,26.299999237060547,26.299999237060547,556816
2022-09-14 11:31:00-04:00,26.299999237060547,26.399999618530273,26.29010009765625,26.31999969482422,26.31999969482422,290201
2022-09-14 11:32:00-04:00,26.31999969482422,26.34000015258789,26.24029922485352,26.305299758911133,26.305299758911133,327831
2022-09-14 11:33:00-04:00,26.308900833129883,26.3799991607666,26.30010032653809,26.33009910583496,26.33009910583496,181750
2022-09-14 11:34:00-04:00,26.334999084472656,26.34000015258789,26.229999542236328,26.290000915527344,26.290000915527344,343958
2022-09-14 11:35:00-04:00,26.290000915527344,26.32999992370605,26.2549991607666,26.299999237060547,26.299999237060547,195476
2022-09-14 11:36:00-04:00,26.290000915527344,26.36000061035156,26.2549991607666,26.34000015258789,26.34000015258789,202519
2022-09-14 11:37:00-04:00,26.34959983825684,26.37980079650879,26.31999969482422,26.329700469970703,26.329700469970703,287487
2022-09-14 11:38:00-04:00,26.329999923706055,26.3799991607666,26.309999465942383,26.310100555419922,26.310100555419922,208291
2022-09-14 11:39:00-04:00,26.310199737548828,26.40999984741211,26.310199737548828,26.38010025024414,26.38010025024414,312148
2022-09-14 11:40:00-04:00,26.389999389648438,26.479999542236328,26.36520004272461,26.449899673461914,26.449899673461914,495261
2022-09-14 11:41:00-04:00,26.440099716186523,26.520000457763672,26.440099716186523,26.450000762939453,26.450000762939453,509265
2022-09-14 11:42:00-04:00,26.450000762939453,26.450000762939453,26.389999389648438,26.424999237060547,26.424999237060547,348296
2022-09-14 11:43:00-04:00,26.43000030517578,26.45989990234375,26.415000915527344,26.440099716186523,26.440099716186523,176975
2022-09-14 11:44:00-04:00,26.44499969482422,26.519899368286133,26.4424991607666,26.5049991607666,26.5049991607666,294949
2022-09-14 11:45:00-04:00,26.500099182128906,26.540000915527344,26.490100860595703,26.539899826049805,26.539899826049805,321007
2022-09-14 11:46:00-04:00,26.540000915527344,26.549999237060547,26.510000228881836,26.538400650024414,26.538400650024414,493541
2022-09-14 11:47:00-04:00,26.540000915527344,26.559999465942383,26.5,26.55150032043457,26.55150032043457,371561
2022-09-14 11:48:00-04:00,26.559999465942383,26.579999923706055,26.530399322509766,26.559999465942383,26.559999465942383,374902
2022-09-14 11:49:00-04:00,26.55599975585937,26.56999969482422,26.489999771118164,26.4950008392334,26.4950008392334,286452
2022-09-14 11:50:00-04:00,26.5,26.520000457763672,26.46500015258789,26.475000381469727,26.475000381469727,308380
2022-09-14 11:51:00-04:00,26.46999931335449,26.46999931335449,26.38999938964844,26.41399955749512,26.41399955749512,584716
2022-09-14 11:52:00-04:00,26.415000915527344,26.44879913330078,26.3799991607666,26.44879913330078,26.44879913330078,205347
2022-09-14 11:53:00-04:00,26.44499969482422,26.470500946044922,26.4325008392334,26.4685001373291,26.4685001373291,235016
2022-09-14 11:54:00-04:00,26.46389961242676,26.520000457763672,26.46389961242676,26.509899139404297,26.509899139404297,306030
2022-09-14 11:55:00-04:00,26.5049991607666,26.530000686645508,26.479999542236328,26.506399154663086,26.506399154663086,261950
2022-09-14 11:56:00-04:00,26.50589942932129,26.50589942932129,26.43000030517578,26.469200134277344,26.469200134277344,150019
2022-09-14 11:57:00-04:00,26.469999313354492,26.479900360107422,26.430099487304688,26.456199645996094,26.456199645996094,85572
2022-09-14 11:58:00-04:00,26.45009994506836,26.45989990234375,26.40999984741211,26.434999465942383,26.434999465942383,134846
2022-09-14 11:59:00-04:00,26.43000030517578,26.440000534057617,26.370100021362305,26.383499145507812,26.383499145507812,235816
2022-09-14 12:00:00-04:00,26.389999389648438,26.417999267578125,26.350000381469727,26.399999618530273,26.399999618530273,181343
2022-09-14 12:01:00-04:00,26.395000457763672,26.440000534057617,26.36359977722168,26.36359977722168,26.36359977722168,190414
2022-09-14 12:02:00-04:00,26.36370086669922,26.38999938964844,26.34000015258789,26.3799991607666,26.3799991607666,219151
2022-09-14 12:03:00-04:00,26.375,26.38500022888184,26.31999969482422,26.325000762939453,26.325000762939453,207537
2022-09-14 12:04:00-04:00,26.326400756835938,26.329999923706055,26.260000228881836,26.274999618530273,26.274999618530273,400860
2022-09-14 12:05:00-04:00,26.270000457763672,26.290000915527344,26.239999771118164,26.249900817871094,26.249900817871094,315198
2022-09-14 12:06:00-04:00,26.240999221801758,26.25,26.219999313354492,26.247299194335938,26.247299194335938,253402
2022-09-14 12:07:00-04:00,26.229999542236328,26.2450008392334,26.200000762939453,26.219999313354492,26.219999313354492,237890
2022-09-14 12:08:00-04:00,26.211000442504883,26.309999465942383,26.200000762939453,26.295000076293945,26.295000076293945,343687
2022-09-14 12:09:00-04:00,26.295000076293945,26.31999969482422,26.270000457763672,26.299999237060547,26.299999237060547,319663
2022-09-14 12:10:00-04:00,26.290000915527344,26.309999465942383,26.239999771118164,26.249900817871094,26.249900817871094,209058
2022-09-14 12:11:00-04:00,26.241500854492188,26.29990005493164,26.239999771118164,26.28499984741211,26.28499984741211,172369
2022-09-14 12:12:00-04:00,26.289899826049805,26.32999992370605,26.27280044555664,26.32999992370605,26.32999992370605,232639
2022-09-14 12:13:00-04:00,26.33489990234375,26.395000457763672,26.32309913635254,26.36000061035156,26.36000061035156,374042
2022-09-14 12:14:00-04:00,26.364999771118164,26.38990020751953,26.34000015258789,26.3799991607666,26.3799991607666,157059
2022-09-14 12:15:00-04:00,26.375,26.409900665283203,26.36000061035156,26.38109970092773,26.38109970092773,237944
2022-09-14 12:16:00-04:00,26.383800506591797,26.409900665283203,26.350000381469727,26.350000381469727,26.350000381469727,190923
2022-09-14 12:17:00-04:00,26.354999542236328,26.420000076293945,26.34000015258789,26.4158992767334,26.4158992767334,169327
2022-09-14 12:18:00-04:00,26.41230010986328,26.440000534057617,26.3799991607666,26.395000457763672,26.395000457763672,282416
2022-09-14 12:19:00-04:00,26.395000457763672,26.405000686645508,26.360000610351562,26.39069938659668,26.39069938659668,172718
2022-09-14 12:20:00-04:00,26.395000457763672,26.399999618530273,26.350000381469727,26.38249969482422,26.38249969482422,152846
2022-09-14 12:21:00-04:00,26.385000228881836,26.389999389648438,26.33009910583496,26.385000228881836,26.385000228881836,152804
2022-09-14 12:22:00-04:00,26.384300231933594,26.40999984741211,26.33009910583496,26.350000381469727,26.350000381469727,205648
2022-09-14 12:23:00-04:00,26.35009956359864,26.420000076293945,26.3400993347168,26.415000915527344,26.415000915527344,143078
2022-09-14 12:24:00-04:00,26.41010093688965,26.46999931335449,26.41010093688965,26.44499969482422,26.44499969482422,318286
2022-09-14 12:25:00-04:00,26.440000534057617,26.479999542236328,26.430099487304688,26.469999313354492,26.469999313354492,201192
2022-09-14 12:26:00-04:00,26.479799270629883,26.489900588989258,26.450000762939453,26.45989990234375,26.45989990234375,197218
2022-09-14 12:27:00-04:00,26.4596004486084,26.4596004486084,26.360000610351562,26.385000228881836,26.385000228881836,353524
2022-09-14 12:28:00-04:00,26.3799991607666,26.38999938964844,26.299999237060547,26.334999084472656,26.334999084472656,295998
2022-09-14 12:29:00-04:00,26.334999084472656,26.36000061035156,26.30500030517578,26.36000061035156,26.36000061035156,134410
2022-09-14 12:30:00-04:00,26.3700008392334,26.439899444580078,26.364999771118164,26.399999618530273,26.399999618530273,227859
2022-09-14 12:31:00-04:00,26.395000457763672,26.40999984741211,26.34000015258789,26.350000381469727,26.350000381469727,154208
2022-09-14 12:32:00-04:00,26.34499931335449,26.3700008392334,26.28009986877441,26.30010032653809,26.30010032653809,180943
2022-09-14 12:33:00-04:00,26.303699493408203,26.32990074157715,26.280099868774414,26.309999465942383,26.309999465942383,161068
2022-09-14 12:34:00-04:00,26.309900283813477,26.354999542236328,26.300100326538086,26.329999923706055,26.329999923706055,195032
2022-09-14 12:35:00-04:00,26.329999923706055,26.350000381469727,26.270099639892578,26.350000381469727,26.350000381469727,286481
2022-09-14 12:36:00-04:00,26.350000381469727,26.38500022888184,26.32999992370605,26.38500022888184,26.38500022888184,173296
2022-09-14 12:37:00-04:00,26.38800048828125,26.434999465942383,26.383699417114258,26.420000076293945,26.420000076293945,378494
2022-09-14 12:38:00-04:00,26.43000030517578,26.479900360107425,26.423200607299805,26.46500015258789,26.46500015258789,227645
2022-09-14 12:39:00-04:00,26.459999084472656,26.489999771118164,26.440000534057617,26.440000534057617,26.440000534057617,252671
2022-09-14 12:40:00-04:00,26.44499969482422,26.5,26.420000076293945,26.499900817871094,26.499900817871094,190093
2022-09-14 12:41:00-04:00,26.490100860595703,26.5,26.45009994506836,26.479999542236328,26.479999542236328,124966
2022-09-14 12:42:00-04:00,26.486499786376957,26.56999969482422,26.479999542236328,26.55500030517578,26.55500030517578,664882
2022-09-14 12:43:00-04:00,26.549999237060547,26.565000534057617,26.530000686645508,26.559999465942383,26.559999465942383,199209
2022-09-14 12:44:00-04:00,26.56909942626953,26.56999969482422,26.540300369262695,26.559999465942383,26.559999465942383,192865
2022-09-14 12:45:00-04:00,26.559999465942383,26.56999969482422,26.5049991607666,26.53499984741211,26.53499984741211,198965
2022-09-14 12:46:00-04:00,26.540000915527344,26.540000915527344,26.480100631713867,26.5049991607666,26.5049991607666,163670
2022-09-14 12:47:00-04:00,26.5,26.5,26.459999084472656,26.470399856567383,26.470399856567383,151005
2022-09-14 12:48:00-04:00,26.475000381469727,26.540000915527344,26.475000381469727,26.53499984741211,26.53499984741211,111765
2022-09-14 12:49:00-04:00,26.540000915527344,26.579999923706055,26.530000686645508,26.550100326538086,26.550100326538086,263875
2022-09-14 12:50:00-04:00,26.546899795532227,26.600000381469727,26.53499984741211,26.57999992370605,26.57999992370605,313049
2022-09-14 12:51:00-04:00,26.59000015258789,26.610000610351562,26.565000534057617,26.600000381469727,26.600000381469727,313285
2022-09-14 12:52:00-04:00,26.600000381469727,26.61000061035156,26.530000686645508,26.5442008972168,26.5442008972168,223301
2022-09-14 12:53:00-04:00,26.55010032653809,26.57999992370605,26.540000915527344,26.54520034790039,26.54520034790039,143175
2022-09-14 12:54:00-04:00,26.540000915527344,26.59000015258789,26.53499984741211,26.58690071105957,26.58690071105957,93415
2022-09-14 12:55:00-04:00,26.584999084472656,26.59000015258789,26.530000686645508,26.540000915527344,26.540000915527344,116133
2022-09-14 12:56:00-04:00,26.541200637817383,26.545299530029297,26.5,26.51499938964844,26.51499938964844,154871
2022-09-14 12:57:00-04:00,26.514999389648438,26.514999389648438,26.461599349975586,26.479900360107422,26.479900360107422,171041
2022-09-14 12:58:00-04:00,26.475000381469727,26.489999771118164,26.451000213623047,26.479999542236328,26.479999542236328,149575
2022-09-14 12:59:00-04:00,26.478700637817383,26.5,26.46500015258789,26.4950008392334,26.4950008392334,150293
2022-09-14 13:00:00-04:00,26.4950008392334,26.549999237060547,26.489999771118164,26.53499984741211,26.53499984741211,216537
2022-09-14 13:01:00-04:00,26.53070068359375,26.565000534057617,26.520000457763672,26.559900283813477,26.559900283813477,201457
2022-09-14 13:02:00-04:00,26.549999237060547,26.59000015258789,26.549999237060547,26.584999084472656,26.584999084472656,176153
2022-09-14 13:03:00-04:00,26.584999084472656,26.59000015258789,26.480100631713867,26.489999771118164,26.489999771118164,209837
2022-09-14 13:04:00-04:00,26.48040008544922,26.5,26.459999084472656,26.475000381469727,26.475000381469727,206931
2022-09-14 13:05:00-04:00,26.46999931335449,26.48500061035156,26.42009925842285,26.430099487304688,26.430099487304688,167840
2022-09-14 13:06:00-04:00,26.433799743652344,26.45499992370605,26.39999961853028,26.403200149536133,26.403200149536133,150744
2022-09-14 13:07:00-04:00,26.406400680541992,26.450000762939453,26.38999938964844,26.450000762939453,26.450000762939453,238714
2022-09-14 13:08:00-04:00,26.44499969482422,26.5,26.440099716186523,26.4862003326416,26.4862003326416,210129
2022-09-14 13:09:00-04:00,26.48590087890625,26.5,26.440099716186523,26.46470069885254,26.46470069885254,188922
2022-09-14 13:10:00-04:00,26.46619987487793,26.510000228881836,26.459999084472656,26.50909996032715,26.50909996032715,184928
2022-09-14 13:11:00-04:00,26.509700775146484,26.509899139404297,26.463600158691406,26.474899291992188,26.474899291992188,87446
2022-09-14 13:12:00-04:00,26.475000381469727,26.479999542236328,26.44499969482422,26.46999931335449,26.46999931335449,57198
2022-09-14 13:13:00-04:00,26.469999313354492,26.510000228881836,26.469999313354492,26.49370002746582,26.49370002746582,75385
2022-09-14 13:14:00-04:00,26.499900817871094,26.559999465942383,26.4950008392334,26.544200897216797,26.544200897216797,204993
2022-09-14 13:15:00-04:00,26.549999237060547,26.56999969482422,26.533700942993164,26.569700241088867,26.569700241088867,196045
2022-09-14 13:16:00-04:00,26.565000534057617,26.600000381469727,26.549999237060547,26.600000381469727,26.600000381469727,592508
2022-09-14 13:17:00-04:00,26.594999313354492,26.6200008392334,26.579999923706055,26.59000015258789,26.59000015258789,543260
2022-09-14 13:18:00-04:00,26.58530044555664,26.58989906311035,26.489999771118164,26.516199111938477,26.516199111938477,425789
2022-09-14 13:19:00-04:00,26.511999130249023,26.53499984741211,26.475000381469727,26.53499984741211,26.53499984741211,176424
2022-09-14 13:20:00-04:00,26.53499984741211,26.549999237060547,26.524999618530273,26.53499984741211,26.53499984741211,137753
2022-09-14 13:21:00-04:00,26.540000915527344,26.540000915527344,26.480100631713867,26.489999771118164,26.489999771118164,136443
2022-09-14 13:22:00-04:00,26.489999771118164,26.52680015563965,26.459999084472656,26.51499938964844,26.51499938964844,128968
2022-09-14 13:23:00-04:00,26.514999389648438,26.530000686645508,26.489900588989258,26.494800567626953,26.494800567626953,118303
2022-09-14 13:24:00-04:00,26.4950008392334,26.49880027770996,26.43160057067871,26.45499992370605,26.45499992370605,193834
2022-09-14 13:25:00-04:00,26.459999084472656,26.459999084472656,26.40999984741211,26.420000076293945,26.420000076293945,138502
2022-09-14 13:26:00-04:00,26.41710090637207,26.41710090637207,26.360000610351562,26.38990020751953,26.38990020751953,358082
2022-09-14 13:27:00-04:00,26.38500022888184,26.440000534057617,26.3799991607666,26.405000686645508,26.405000686645508,179723
2022-09-14 13:28:00-04:00,26.403600692749023,26.44510078430176,26.400400161743164,26.430099487304688,26.430099487304688,168071
2022-09-14 13:29:00-04:00,26.439599990844727,26.44499969482422,26.41010093688965,26.434999465942383,26.434999465942383,93740
2022-09-14 13:30:00-04:00,26.440000534057617,26.46999931335449,26.424999237060547,26.469900131225582,26.469900131225582,137734
2022-09-14 13:31:00-04:00,26.46500015258789,26.479999542236328,26.440000534057617,26.44499969482422,26.44499969482422,188691
2022-09-14 13:32:00-04:00,26.440000534057617,26.459999084472656,26.364999771118164,26.405000686645508,26.405000686645508,264810
2022-09-14 13:33:00-04:00,26.399999618530273,26.405000686645508,26.36009979248047,26.38949966430664,26.38949966430664,133465
2022-09-14 13:34:00-04:00,26.382600784301758,26.420000076293945,26.364999771118164,26.395000457763672,26.395000457763672,104810
2022-09-14 13:35:00-04:00,26.38999938964844,26.420000076293945,26.38500022888184,26.40800094604492,26.40800094604492,121724
2022-09-14 13:36:00-04:00,26.408000946044922,26.415000915527344,26.34000015258789,26.34000015258789,26.34000015258789,255133
2022-09-14 13:37:00-04:00,26.34000015258789,26.350000381469727,26.31999969482422,26.31999969482422,26.31999969482422,189004
2022-09-14 13:38:00-04:00,26.329200744628903,26.337400436401367,26.299999237060547,26.313600540161133,26.313600540161133,138765
2022-09-14 13:39:00-04:00,26.319299697875977,26.31999969482422,26.280000686645508,26.290000915527344,26.290000915527344,171781
2022-09-14 13:40:00-04:00,26.28499984741211,26.32999992370605,26.28009986877441,26.315000534057617,26.315000534057617,178505
2022-09-14 13:41:00-04:00,26.309999465942383,26.309999465942383,26.260099411010742,26.290000915527344,26.290000915527344,159467
2022-09-14 13:42:00-04:00,26.290000915527344,26.31999969482422,26.260000228881836,26.280099868774414,26.280099868774414,228815
2022-09-14 13:43:00-04:00,26.280000686645508,26.32990074157715,26.270000457763672,26.315000534057617,26.315000534057617,232701
2022-09-14 13:44:00-04:00,26.312400817871094,26.32990074157715,26.299999237060547,26.31999969482422,26.31999969482422,280173
2022-09-14 13:45:00-04:00,26.31999969482422,26.329999923706055,26.190000534057617,26.190000534057617,26.190000534057617,585072
2022-09-14 13:46:00-04:00,26.190000534057617,26.200000762939453,26.08009910583496,26.09939956665039,26.09939956665039,912973
2022-09-14 13:47:00-04:00,26.09000015258789,26.10059928894043,26.05039978027344,26.05990028381348,26.05990028381348,285369
2022-09-14 13:48:00-04:00,26.058500289916992,26.06999969482422,25.959999084472656,25.97010040283203,25.97010040283203,665494
2022-09-14 13:49:00-04:00,25.975000381469727,26.040000915527344,25.940000534057617,26.010000228881836,26.010000228881836,474403
2022-09-14 13:50:00-04:00,26.0,26.100000381469727,25.989999771118164,26.100000381469727,26.100000381469727,449509
2022-09-14 13:51:00-04:00,26.09499931335449,26.14970016479492,26.07999992370605,26.114999771118164,26.114999771118164,532954
2022-09-14 13:52:00-04:00,26.11989974975586,26.1200008392334,26.053600311279297,26.084999084472656,26.084999084472656,286015
2022-09-14 13:53:00-04:00,26.079999923706055,26.110000610351562,26.070100784301758,26.09830093383789,26.09830093383789,227804
2022-09-14 13:54:00-04:00,26.09000015258789,26.110000610351562,26.049999237060547,26.109800338745117,26.109800338745117,186737
2022-09-14 13:55:00-04:00,26.11000061035156,26.11000061035156,26.01000022888184,26.024999618530277,26.024999618530277,222835
2022-09-14 13:56:00-04:00,26.02499961853028,26.040000915527344,25.920000076293945,25.959999084472656,25.959999084472656,364558
2022-09-14 13:57:00-04:00,25.954999923706055,25.969999313354492,25.930099487304688,25.959999084472656,25.959999084472656,170438
2022-09-14 13:58:00-04:00,25.959999084472656,26.05500030517578,25.93000030517578,26.039899826049805,26.039899826049805,250567
2022-09-14 13:59:00-04:00,26.040000915527344,26.05579948425293,25.979999542236328,26.0,26.0,225480
2022-09-14 14:00:00-04:00,26.0,26.04050064086914,25.985000610351562,26.020099639892578,26.020099639892578,151405
2022-09-14 14:01:00-04:00,26.030000686645508,26.073699951171875,26.010099411010746,26.047700881958008,26.047700881958008,212338
2022-09-14 14:02:00-04:00,26.045000076293945,26.05940055847168,25.959999084472656,25.97620010375977,25.97620010375977,429248
2022-09-14 14:03:00-04:00,25.967899322509766,25.979999542236328,25.950000762939453,25.950000762939453,25.950000762939453,219953
2022-09-14 14:04:00-04:00,25.950000762939453,25.95009994506836,25.8799991607666,25.880699157714844,25.880699157714844,514304
2022-09-14 14:05:00-04:00,25.8799991607666,26.014999389648438,25.850000381469727,25.997900009155273,25.997900009155273,485558
2022-09-14 14:06:00-04:00,25.9950008392334,26.0,25.953100204467773,25.95499992370605,25.95499992370605,125691
2022-09-14 14:07:00-04:00,25.95499992370605,25.98500061035156,25.870100021362305,25.88500022888184,25.88500022888184,268554
2022-09-14 14:08:00-04:00,25.889999389648438,25.939899444580078,25.8799991607666,25.889999389648438,25.889999389648438,128129
2022-09-14 14:09:00-04:00,25.89620018005371,25.920000076293945,25.86009979248047,25.90010070800781,25.90010070800781,195216
2022-09-14 14:10:00-04:00,25.899999618530273,25.93000030517578,25.860000610351562,25.865999221801758,25.865999221801758,204856
2022-09-14 14:11:00-04:00,25.86009979248047,25.8799991607666,25.81999969482422,25.82999992370605,25.82999992370605,225864
2022-09-14 14:12:00-04:00,25.81999969482422,25.860000610351562,25.799999237060547,25.81999969482422,25.81999969482422,296964
2022-09-14 14:13:00-04:00,25.809999465942383,25.850000381469727,25.80500030517578,25.82010078430176,25.82010078430176,143535
2022-09-14 14:14:00-04:00,25.819900512695312,25.9325008392334,25.819499969482422,25.915000915527344,25.915000915527344,283414
2022-09-14 14:15:00-04:00,25.915000915527344,25.959999084472656,25.899999618530273,25.937000274658203,25.937000274658203,374384
2022-09-14 14:16:00-04:00,25.924999237060547,25.940000534057617,25.860000610351562,25.870100021362305,25.870100021362305,308470
2022-09-14 14:17:00-04:00,25.863100051879883,25.959999084472656,25.86000061035156,25.953500747680664,25.953500747680664,164787
2022-09-14 14:18:00-04:00,25.95709991455078,25.989999771118164,25.934999465942383,25.96699905395508,25.96699905395508,335729
2022-09-14 14:19:00-04:00,25.96500015258789,26.0049991607666,25.960100173950195,25.9950008392334,25.9950008392334,226384
2022-09-14 14:20:00-04:00,26.0,26.040000915527344,25.989999771118164,26.040000915527344,26.040000915527344,291347
2022-09-14 14:21:00-04:00,26.039899826049805,26.041099548339844,26.010000228881836,26.015300750732422,26.015300750732422,250166
2022-09-14 14:22:00-04:00,26.01499938964844,26.030000686645508,26.0,26.002899169921875,26.002899169921875,549748
2022-09-14 14:23:00-04:00,26.0,26.03499984741211,26.0,26.030000686645508,26.030000686645508,356367
2022-09-14 14:24:00-04:00,26.040000915527344,26.04960060119629,26.0,26.024999618530273,26.024999618530273,218756
2022-09-14 14:25:00-04:00,26.020000457763672,26.020000457763672,25.950000762939453,25.979900360107422,25.979900360107422,328218
2022-09-14 14:26:00-04:00,25.969999313354492,26.040000915527344,25.959999084472656,26.039899826049805,26.039899826049805,157608
2022-09-14 14:27:00-04:00,26.035900115966797,26.040000915527344,25.959999084472656,25.975000381469727,25.975000381469727,186179
2022-09-14 14:28:00-04:00,25.969999313354492,26.010000228881836,25.969999313354492,26.010000228881836,26.010000228881836,69882
2022-09-14 14:29:00-04:00,26.010099411010742,26.049999237060547,26.000099182128906,26.014999389648438,26.014999389648438,164525
2022-09-14 14:30:00-04:00,26.020000457763672,26.109600067138672,26.0049991607666,26.108999252319336,26.108999252319336,270632
2022-09-14 14:31:00-04:00,26.11000061035156,26.13500022888184,26.06999969482422,26.13500022888184,26.13500022888184,434849
2022-09-14 14:32:00-04:00,26.13010025024414,26.14999961853028,26.10009956359864,26.14999961853028,26.14999961853028,449471
2022-09-14 14:33:00-04:00,26.14999961853028,26.14999961853028,26.100000381469727,26.125,26.125,223812
2022-09-14 14:34:00-04:00,26.12700080871582,26.149999618530273,26.120100021362305,26.13990020751953,26.13990020751953,111247
2022-09-14 14:35:00-04:00,26.1299991607666,26.155000686645508,26.114999771118164,26.1299991607666,26.1299991607666,195538
2022-09-14 14:36:00-04:00,26.131999969482422,26.170000076293945,26.09000015258789,26.15999984741211,26.15999984741211,223678
2022-09-14 14:37:00-04:00,26.15999984741211,26.15999984741211,26.1018009185791,26.1299991607666,26.1299991607666,186953
2022-09-14 14:38:00-04:00,26.1299991607666,26.139999389648438,26.100000381469727,26.12579917907715,26.12579917907715,92982
2022-09-14 14:39:00-04:00,26.1299991607666,26.174999237060547,26.110000610351562,26.145000457763672,26.145000457763672,226842
2022-09-14 14:40:00-04:00,26.148399353027344,26.174999237060547,26.079999923706055,26.160499572753906,26.160499572753906,237046
2022-09-14 14:41:00-04:00,26.15999984741211,26.190000534057617,26.100000381469727,26.104999542236328,26.104999542236328,287468
2022-09-14 14:42:00-04:00,26.100000381469727,26.149900436401367,26.070100784301758,26.136899948120117,26.136899948120117,256592
2022-09-14 14:43:00-04:00,26.139999389648438,26.149099349975586,26.09000015258789,26.104999542236328,26.104999542236328,66524
2022-09-14 14:44:00-04:00,26.09670066833496,26.09670066833496,26.010000228881836,26.040000915527344,26.040000915527344,357956
2022-09-14 14:45:00-04:00,26.040000915527344,26.049999237060547,25.940500259399414,25.95989990234375,25.95989990234375,247641
2022-09-14 14:46:00-04:00,25.95009994506836,26.040000915527344,25.93000030517578,26.0,26.0,258009
2022-09-14 14:47:00-04:00,26.01000022888184,26.02989959716797,25.96999931335449,25.98080062866211,25.98080062866211,113824
2022-09-14 14:48:00-04:00,25.982999801635742,26.009899139404297,25.973499298095703,25.999900817871094,25.999900817871094,91332
2022-09-14 14:49:00-04:00,26.0,26.09000015258789,25.979999542236328,26.069900512695312,26.069900512695312,215481
2022-09-14 14:50:00-04:00,26.06999969482422,26.100000381469727,26.049999237060547,26.07999992370605,26.07999992370605,186792
2022-09-14 14:51:00-04:00,26.079999923706055,26.11989974975586,26.059999465942383,26.06999969482422,26.06999969482422,155542
2022-09-14 14:52:00-04:00,26.06999969482422,26.079999923706055,26.040000915527344,26.040000915527344,26.040000915527344,91956
2022-09-14 14:53:00-04:00,26.040000915527344,26.040000915527344,25.940099716186523,25.971599578857425,25.971599578857425,274171
2022-09-14 14:54:00-04:00,25.97599983215332,25.97599983215332,25.90999984741211,25.94499969482422,25.94499969482422,156394
2022-09-14 14:55:00-04:00,25.940000534057617,26.030000686645508,25.940000534057617,25.959999084472656,25.959999084472656,225238
2022-09-14 14:56:00-04:00,25.959999084472656,25.959999084472656,25.91010093688965,25.94499969482422,25.94499969482422,207332
2022-09-14 14:57:00-04:00,25.940000534057617,25.959999084472656,25.92099952697754,25.94499969482422,25.94499969482422,110597
2022-09-14 14:58:00-04:00,25.940000534057617,25.940000534057617,25.899999618530273,25.92060089111328,25.92060089111328,177037
2022-09-14 14:59:00-04:00,25.92449951171875,25.96999931335449,25.920000076293945,25.92040061950684,25.92040061950684,184830
2022-09-14 15:00:00-04:00,25.93000030517578,26.0,25.915000915527344,25.985000610351562,25.985000610351562,264550
2022-09-14 15:01:00-04:00,25.989900588989254,26.005300521850582,25.920000076293945,25.95929908752441,25.95929908752441,345809
2022-09-14 15:02:00-04:00,25.950000762939453,25.969999313354492,25.93000030517578,25.934999465942383,25.934999465942383,82560
2022-09-14 15:03:00-04:00,25.93000030517578,25.950000762939453,25.8700008392334,25.90999984741211,25.90999984741211,336673
2022-09-14 15:04:00-04:00,25.90570068359375,25.950000762939453,25.873899459838867,25.950000762939453,25.950000762939453,223978
2022-09-14 15:05:00-04:00,25.94499969482422,25.989999771118164,25.940399169921875,25.97010040283203,25.97010040283203,262819
2022-09-14 15:06:00-04:00,25.979999542236328,26.049999237060547,25.954999923706055,26.040000915527344,26.040000915527344,216208
2022-09-14 15:07:00-04:00,26.03499984741211,26.079999923706055,26.02400016784668,26.06999969482422,26.06999969482422,268294
2022-09-14 15:08:00-04:00,26.065000534057617,26.084999084472656,26.020000457763672,26.033100128173828,26.033100128173828,215339
2022-09-14 15:09:00-04:00,26.030000686645508,26.1200008392334,26.020000457763672,26.108200073242188,26.108200073242188,215598
2022-09-14 15:10:00-04:00,26.10689926147461,26.1200008392334,26.020000457763672,26.02499961853028,26.02499961853028,168619
2022-09-14 15:11:00-04:00,26.030000686645508,26.049699783325195,26.0,26.0049991607666,26.0049991607666,131903
2022-09-14 15:12:00-04:00,26.0049991607666,26.006000518798828,25.934999465942383,25.940000534057617,25.940000534057617,317311
2022-09-14 15:13:00-04:00,25.93000030517578,26.0,25.90999984741211,25.91860008239746,25.91860008239746,190190
2022-09-14 15:14:00-04:00,25.93000030517578,25.940000534057617,25.84000015258789,25.864999771118164,25.864999771118164,378238
2022-09-14 15:15:00-04:00,25.860000610351562,25.8700008392334,25.774999618530273,25.78499984741211,25.78499984741211,578576
2022-09-14 15:16:00-04:00,25.780000686645508,25.78499984741211,25.700000762939453,25.70039939880371,25.70039939880371,684904
2022-09-14 15:17:00-04:00,25.709999084472656,25.709999084472656,25.65999984741211,25.66010093688965,25.66010093688965,322985
2022-09-14 15:18:00-04:00,25.665000915527344,25.73940086364746,25.65999984741211,25.704999923706055,25.704999923706055,506497
2022-09-14 15:19:00-04:00,25.709999084472656,25.760000228881836,25.68000030517578,25.75,25.75,258106
2022-09-14 15:20:00-04:00,25.75,25.7539005279541,25.705900192260746,25.705900192260746,25.705900192260746,195538
2022-09-14 15:21:00-04:00,25.70009994506836,25.84000015258789,25.690000534057617,25.815000534057617,25.815000534057617,577027
2022-09-14 15:22:00-04:00,25.813400268554688,25.920000076293945,25.809999465942383,25.854999542236328,25.854999542236328,565921
2022-09-14 15:23:00-04:00,25.86000061035156,25.875,25.82999992370605,25.86000061035156,25.86000061035156,290497
2022-09-14 15:24:00-04:00,25.86000061035156,25.89999961853028,25.849899291992188,25.850000381469727,25.850000381469727,133175
2022-09-14 15:25:00-04:00,25.850000381469727,25.850099563598633,25.799999237060547,25.819700241088867,25.819700241088867,272216
2022-09-14 15:26:00-04:00,25.810100555419922,25.815000534057617,25.729999542236328,25.760000228881836,25.760000228881836,288063
2022-09-14 15:27:00-04:00,25.760000228881836,25.76580047607422,25.709999084472656,25.718299865722656,25.718299865722656,112075
2022-09-14 15:28:00-04:00,25.71500015258789,25.84000015258789,25.71500015258789,25.82029914855957,25.82029914855957,269547
2022-09-14 15:29:00-04:00,25.81999969482422,25.86000061035156,25.813400268554688,25.84499931335449,25.84499931335449,279290
2022-09-14 15:30:00-04:00,25.84499931335449,25.84499931335449,25.690000534057617,25.71999931335449,25.71999931335449,538330
2022-09-14 15:31:00-04:00,25.719900131225582,25.719900131225582,25.64999961853028,25.67009925842285,25.67009925842285,271077
2022-09-14 15:32:00-04:00,25.67620086669922,25.75,25.66010093688965,25.660400390625,25.660400390625,651266
2022-09-14 15:33:00-04:00,25.66119956970215,25.7450008392334,25.639999389648438,25.7450008392334,25.7450008392334,420220
2022-09-14 15:34:00-04:00,25.739999771118164,25.86000061035156,25.730100631713867,25.84000015258789,25.84000015258789,616876
2022-09-14 15:35:00-04:00,25.84499931335449,25.85639953613281,25.803800582885746,25.850500106811523,25.850500106811523,300141
2022-09-14 15:36:00-04:00,25.860000610351562,25.8799991607666,25.84000015258789,25.850099563598633,25.850099563598633,327067
2022-09-14 15:37:00-04:00,25.853700637817383,25.8799991607666,25.81999969482422,25.820100784301758,25.820100784301758,262519
2022-09-14 15:38:00-04:00,25.81999969482422,25.82999992370605,25.756999969482425,25.799999237060547,25.799999237060547,388616
2022-09-14 15:39:00-04:00,25.79680061340332,25.86000061035156,25.790000915527344,25.850000381469727,25.850000381469727,235216
2022-09-14 15:40:00-04:00,25.850000381469727,25.8799991607666,25.799999237060547,25.864999771118164,25.864999771118164,358665
2022-09-14 15:41:00-04:00,25.8700008392334,25.940000534057617,25.86409950256348,25.905000686645508,25.905000686645508,502315
2022-09-14 15:42:00-04:00,25.902700424194336,26.01000022888184,25.90010070800781,25.98500061035156,25.98500061035156,440563
2022-09-14 15:43:00-04:00,25.98419952392578,26.03009986877441,25.94499969482422,26.01959991455078,26.01959991455078,404196
2022-09-14 15:44:00-04:00,26.010099411010742,26.09000015258789,26.010000228881836,26.03499984741211,26.03499984741211,526195
2022-09-14 15:45:00-04:00,26.030000686645508,26.030000686645508,25.96999931335449,25.98500061035156,25.98500061035156,453250
2022-09-14 15:46:00-04:00,25.98500061035156,26.114999771118164,25.980100631713867,26.11000061035156,26.11000061035156,1069867
2022-09-14 15:47:00-04:00,26.11009979248047,26.114999771118164,26.030000686645508,26.06999969482422,26.06999969482422,474131
2022-09-14 15:48:00-04:00,26.070100784301758,26.110000610351562,26.049999237060547,26.09000015258789,26.09000015258789,341090
2022-09-14 15:49:00-04:00,26.09000015258789,26.097900390625,26.040000915527344,26.075000762939453,26.075000762939453,277175
2022-09-14 15:50:00-04:00,26.07999992370605,26.229999542236328,26.06010055541992,26.20989990234375,26.20989990234375,952296
2022-09-14 15:51:00-04:00,26.209999084472656,26.26000022888184,26.190000534057617,26.2549991607666,26.2549991607666,918231
2022-09-14 15:52:00-04:00,26.25,26.290000915527344,26.230100631713867,26.26259994506836,26.26259994506836,478042
2022-09-14 15:53:00-04:00,26.270000457763672,26.309999465942383,26.229999542236328,26.305999755859375,26.305999755859375,498350
2022-09-14 15:54:00-04:00,26.302000045776367,26.379899978637695,26.299999237060547,26.374000549316406,26.374000549316406,669719
2022-09-14 15:55:00-04:00,26.3799991607666,26.38990020751953,26.280000686645508,26.28499984741211,26.28499984741211,825556
2022-09-14 15:56:00-04:00,26.290000915527344,26.36000061035156,26.27989959716797,26.33639907836914,26.33639907836914,484215
2022-09-14 15:57:00-04:00,26.329999923706055,26.3700008392334,26.325000762939453,26.364999771118164,26.364999771118164,453426
2022-09-14 15:58:00-04:00,26.364999771118164,26.43000030517578,26.3400993347168,26.420000076293945,26.420000076293945,812559
2022-09-14 15:59:00-04:00,26.421100616455078,26.509899139404297,26.410499572753906,26.43000030517578,26.43000030517578,892207
2022-09-14 16:00:00-04:00,26.44,26.47,26.4,26.46,26.46,223319
2022-09-14 16:01:00-04:00,26.46,26.53,26.45,26.52,26.52,0
2022-09-14 16:02:00-04:00,26.53,26.53,26.5,26.52,26.52,0
2022-09-14 16:03:00-04:00,26.52,26.53,26.51,26.52,26.52,0
2022-09-14 16:04:00-04:00,26.53,26.53,26.49,26.53,26.53,0
2022-09-14 16:05:00-04:00,26.53,26.54,26.51,26.52,26.52,0
2022-09-14 16:06:00-04:00,26.5212,26.53,26.5,26.5,26.5,0
2022-09-14 16:07:00-04:00,26.5,26.51,26.46,26.46,26.46,0
2022-09-14 16:08:00-04:00,26.46,26.47,26.45,26.46,26.46,0
2022-09-14 16:09:00-04:00,26.45,26.4612,26.44,26.46,26.46,0
2022-09-14 16:10:00-04:00,26.4512,26.46,26.435,26.44,26.44,0
2022-09-14 16:11:00-04:00,26.45,26.45,26.44,26.45,26.45,0
2022-09-14 16:12:00-04:00,26.45,26.46,26.44,26.46,26.46,0
2022-09-14 16:13:00-04:00,26.46,26.49,26.46,26.48,26.48,0
2022-09-14 16:14:00-04:00,26.48,26.49,26.46,26.46,26.46,0
2022-09-14 16:15:00-04:00,26.48,26.5,26.47,26.5,26.5,0
2022-09-14 16:16:00-04:00,26.49,26.53,26.49,26.52,26.52,0
2022-09-14 16:17:00-04:00,26.52,26.52,26.51,26.51,26.51,0
2022-09-14 16:19:00-04:00,26.51,26.53,26.51,26.53,26.53,0
2022-09-14 16:20:00-04:00,26.42,26.53,26.42,26.52,26.52,0
2022-09-14 16:21:00-04:00,26.52,26.55,26.52,26.55,26.55,0
2022-09-14 16:22:00-04:00,26.55,26.56,26.54,26.55,26.55,0
2022-09-14 16:23:00-04:00,26.55,26.59,26.55,26.58,26.58,0
2022-09-14 16:24:00-04:00,26.59,26.61,26.58,26.6,26.6,0
2022-09-14 16:25:00-04:00,26.6,26.6,26.59,26.59,26.59,0
2022-09-14 16:26:00-04:00,26.6,26.61,26.58,26.6,26.6,0
2022-09-14 16:27:00-04:00,26.5912,26.605,26.59,26.6,26.6,0
2022-09-14 16:28:00-04:00,26.59,26.61,26.59,26.6,26.6,0
2022-09-14 16:29:00-04:00,26.591,26.61,26.59,26.61,26.61,0
2022-09-14 16:30:00-04:00,26.6,26.61,26.6,26.61,26.61,0
2022-09-14 16:31:00-04:00,26.61,26.64,26.61,26.62,26.62,0
2022-09-14 16:32:00-04:00,26.62,26.63,26.61,26.63,26.63,0
2022-09-14 16:33:00-04:00,26.63,26.64,26.62,26.62,26.62,0
2022-09-14 16:34:00-04:00,26.62,26.63,26.61,26.62,26.62,0
2022-09-14 16:35:00-04:00,26.62,26.62,26.59,26.59,26.59,0
2022-09-14 16:36:00-04:00,26.6,26.61,26.59,26.61,26.61,0
2022-09-14 16:37:00-04:00,26.61,26.61,26.6,26.6,26.6,0
2022-09-14 16:38:00-04:00,26.6,26.64,26.6,26.64,26.64,0
2022-09-14 16:39:00-04:00,26.6388,26.64,26.62,26.64,26.64,0
2022-09-14 16:40:00-04:00,26.63,26.64,26.63,26.63,26.63,0
2022-09-14 16:41:00-04:00,26.63,26.64,26.63,26.64,26.64,0
2022-09-14 16:43:00-04:00,26.63,26.64,26.62,26.63,26.63,0
2022-09-14 16:44:00-04:00,26.63,26.63,26.62,26.62,26.62,0
2022-09-14 16:45:00-04:00,26.63,26.63,26.61,26.63,26.63,0
2022-09-14 16:47:00-04:00,26.6388,26.64,26.63,26.63,26.63,0
2022-09-14 16:48:00-04:00,26.42,26.64,26.42,26.63,26.63,0
2022-09-14 16:49:00-04:00,26.64,26.64,26.63,26.64,26.64,0
2022-09-14 16:50:00-04:00,26.6488,26.65,26.63,26.63,26.63,0
2022-09-14 16:52:00-04:00,26.63,26.64,26.61,26.61,26.61,0
2022-09-14 16:53:00-04:00,26.62,26.62,26.61,26.61,26.61,0
2022-09-14 16:54:00-04:00,26.61,26.63,26.61,26.62,26.62,0
2022-09-14 16:55:00-04:00,26.63,26.63,26.61,26.62,26.62,0
2022-09-14 16:56:00-04:00,26.61,26.63,26.61,26.63,26.63,0
2022-09-14 16:57:00-04:00,26.63,26.64,26.62,26.64,26.64,0
2022-09-14 17:03:00-04:00,26.62,26.62,26.61,26.62,26.62,0
2022-09-14 17:04:00-04:00,26.6,26.62,26.6,26.6,26.6,0
2022-09-14 17:05:00-04:00,26.62,26.62,26.6,26.61,26.61,0
2022-09-14 17:06:00-04:00,26.61,26.62,26.59,26.61,26.61,0
2022-09-14 17:07:00-04:00,26.61,26.62,26.61,26.61,26.61,0
2022-09-14 17:08:00-04:00,26.6288,26.63,26.6,26.6,26.6,0
2022-09-14 17:09:00-04:00,26.62,26.63,26.6,26.61,26.61,0
2022-09-14 17:10:00-04:00,26.6,26.63,26.6,26.62,26.62,0
2022-09-14 17:14:00-04:00,26.62,26.63,26.62,26.62,26.62,0
2022-09-14 17:15:00-04:00,26.6288,26.63,26.62,26.63,26.63,0
2022-09-14 17:16:00-04:00,26.62,26.64,26.62,26.63,26.63,0
2022-09-14 17:18:00-04:00,26.64,26.65,26.64,26.65,26.65,0
2022-09-14 17:22:00-04:00,26.64,26.64,26.6288,26.63,26.63,0
2022-09-14 17:23:00-04:00,26.63,26.63,26.6,26.6,26.6,0
2022-09-14 17:24:00-04:00,26.61,26.64,26.6,26.6,26.6,0
2022-09-14 17:26:00-04:00,26.64,26.64,26.62,26.63,26.63,0
2022-09-14 17:27:00-04:00,26.625,26.64,26.62,26.625,26.625,0
2022-09-14 17:28:00-04:00,26.62,26.63,26.62,26.63,26.63,0
2022-09-14 17:29:00-04:00,26.63,26.63,26.61,26.6288,26.6288,0
2022-09-14 17:30:00-04:00,26.63,26.63,26.61,26.61,26.61,0
2022-09-14 17:36:00-04:00,26.62,26.64,26.62,26.62,26.62,0
2022-09-14 17:38:00-04:00,26.64,26.64,26.62,26.64,26.64,0
2022-09-14 17:40:00-04:00,26.64,26.64,26.62,26.625,26.625,0
2022-09-14 17:41:00-04:00,26.63,26.63,26.62,26.63,26.63,0
2022-09-14 17:52:00-04:00,26.62,26.64,26.62,26.64,26.64,0
2022-09-14 17:53:00-04:00,26.64,26.64,26.63,26.63,26.63,0
2022-09-14 17:57:00-04:00,26.64,26.64,26.62,26.62,26.62,0
2022-09-14 18:00:00-04:00,26.63,26.63,26.56,26.56,26.56,0
2022-09-14 18:01:00-04:00,26.55,26.58,26.55,26.579,26.579,0
2022-09-14 18:02:00-04:00,26.56,26.56,26.55,26.55,26.55,0
2022-09-14 18:04:00-04:00,26.55,26.57,26.55,26.57,26.57,0
2022-09-14 18:05:00-04:00,26.56,26.56,26.55,26.56,26.56,0
2022-09-14 18:06:00-04:00,26.57,26.57,26.54,26.55,26.55,0
2022-09-14 18:08:00-04:00,26.57,26.6,26.57,26.59,26.59,0
2022-09-14 18:09:00-04:00,26.59,26.6,26.57,26.59,26.59,0
2022-09-14 18:10:00-04:00,26.58,26.6,26.58,26.59,26.59,0
2022-09-14 18:11:00-04:00,26.59,26.6,26.59,26.6,26.6,0
2022-09-14 18:14:00-04:00,26.61,26.62,26.5994,26.6,26.6,0
2022-09-14 18:16:00-04:00,26.61,26.62,26.6,26.6,26.6,0
2022-09-14 18:17:00-04:00,26.62,26.62,26.61,26.615,26.615,0
2022-09-14 18:20:00-04:00,26.64,26.67,26.64,26.64,26.64,0
2022-09-14 18:21:00-04:00,26.63,26.63,26.59,26.5996,26.5996,0
2022-09-14 18:22:00-04:00,26.5996,26.6,26.58,26.58,26.58,0
2022-09-14 18:23:00-04:00,26.59,26.62,26.58,26.6096,26.6096,0
2022-09-14 18:24:00-04:00,26.6096,26.62,26.6,26.61,26.61,0
2022-09-14 18:25:00-04:00,26.61,26.61,26.59,26.6,26.6,0
2022-09-14 18:26:00-04:00,26.6,26.61,26.59,26.6,26.6,0
2022-09-14 18:27:00-04:00,26.61,26.62,26.6,26.61,26.61,0
2022-09-14 18:29:00-04:00,26.61,26.62,26.61,26.62,26.62,0
2022-09-14 18:31:00-04:00,26.6,26.6,26.59,26.6,26.6,0
2022-09-14 18:32:00-04:00,26.6,26.6,26.6,26.6,26.6,0
2022-09-14 18:33:00-04:00,26.59,26.62,26.59,26.62,26.62,0
2022-09-14 18:34:00-04:00,26.63,26.63,26.59,26.61,26.61,0
2022-09-14 18:36:00-04:00,26.59,26.63,26.59,26.63,26.63,0
2022-09-14 18:37:00-04:00,26.64,26.65,26.63,26.64,26.64,0
2022-09-14 18:39:00-04:00,26.65,26.66,26.64,26.64,26.64,0
2022-09-14 18:40:00-04:00,26.64,26.65,26.64,26.64,26.64,0
2022-09-14 18:41:00-04:00,26.65,26.65,26.64,26.64,26.64,0
2022-09-14 18:42:00-04:00,26.64,26.67,26.64,26.67,26.67,0
2022-09-14 18:43:00-04:00,26.67,26.68,26.66,26.68,26.68,0
2022-09-14 18:44:00-04:00,26.68,26.72,26.68,26.72,26.72,0
2022-09-14 18:45:00-04:00,26.72,26.75,26.72,26.74,26.74,0
2022-09-14 18:46:00-04:00,26.74,26.75,26.73,26.74,26.74,0
2022-09-14 18:48:00-04:00,26.75,26.75,26.73,26.74,26.74,0
2022-09-14 18:49:00-04:00,26.73,26.73,26.72,26.73,26.73,0
2022-09-14 18:50:00-04:00,26.73,26.73,26.71,26.72,26.72,0
2022-09-14 18:51:00-04:00,26.71,26.72,26.7,26.71,26.71,0
2022-09-14 18:52:00-04:00,26.71,26.71,26.69,26.69,26.69,0
2022-09-14 18:53:00-04:00,26.69,26.71,26.69,26.7,26.7,0
2022-09-14 18:54:00-04:00,26.69,26.7,26.69,26.7,26.7,0
2022-09-14 18:55:00-04:00,26.69,26.7,26.68,26.7,26.7,0
2022-09-14 18:56:00-04:00,26.6996,26.7,26.69,26.7,26.7,0
2022-09-14 18:57:00-04:00,26.69,26.7,26.69,26.6996,26.6996,0
2022-09-14 18:58:00-04:00,26.69,26.7,26.68,26.68,26.68,0
2022-09-14 19:00:00-04:00,26.7,26.71,26.7,26.71,26.71,0
2022-09-14 19:01:00-04:00,26.7,26.71,26.69,26.69,26.69,0
2022-09-14 19:02:00-04:00,26.6996,26.7,26.67,26.68,26.68,0
2022-09-14 19:03:00-04:00,26.67,26.7,26.67,26.68,26.68,0
2022-09-14 19:04:00-04:00,26.68,26.69,26.68,26.68,26.68,0
2022-09-14 19:05:00-04:00,26.69,26.69,26.67,26.67,26.67,0
2022-09-14 19:06:00-04:00,26.66,26.68,26.65,26.66,26.66,0
2022-09-14 19:07:00-04:00,26.65,26.65,26.62,26.62,26.62,0
2022-09-14 19:12:00-04:00,26.64,26.65,26.6399,26.65,26.65,0
2022-09-14 19:13:00-04:00,26.65,26.65,26.64,26.65,26.65,0
2022-09-14 19:14:00-04:00,26.65,26.66,26.65,26.65,26.65,0
2022-09-14 19:15:00-04:00,26.65,26.66,26.63,26.63,26.63,0
2022-09-14 19:17:00-04:00,26.65,26.65,26.63,26.645,26.645,0
2022-09-14 19:19:00-04:00,26.65,26.65,26.63,26.65,26.65,0
2022-09-14 19:20:00-04:00,26.66,26.66,26.65,26.66,26.66,0
2022-09-14 19:22:00-04:00,26.66,26.66,26.66,26.66,26.66,0
2022-09-14 19:26:00-04:00,26.65,26.65,26.62,26.63,26.63,0
2022-09-14 19:28:00-04:00,26.62,26.62,26.58,26.585,26.585,0
2022-09-14 19:29:00-04:00,26.58,26.6,26.58,26.6,26.6,0
2022-09-14 19:30:00-04:00,26.59,26.6,26.58,26.6,26.6,0
2022-09-14 19:31:00-04:00,26.6,26.64,26.6,26.63,26.63,0
2022-09-14 19:33:00-04:00,26.66,26.66,26.64,26.66,26.66,0
2022-09-14 19:37:00-04:00,26.62,26.63,26.6196,26.62,26.62,0
2022-09-14 19:38:00-04:00,26.62,26.63,26.6196,26.6196,26.6196,0
2022-09-14 19:46:00-04:00,26.62,26.62,26.59,26.6,26.6,0
2022-09-14 19:47:00-04:00,26.61,26.62,26.58,26.5896,26.5896,0
2022-09-14 19:48:00-04:00,26.59,26.6,26.58,26.58,26.58,0
2022-09-14 19:52:00-04:00,26.62,26.63,26.6199,26.62,26.62,0
2022-09-14 19:54:00-04:00,26.6,26.62,26.6,26.61,26.61,0
2022-09-14 19:56:00-04:00,26.6,26.62,26.6,26.62,26.62,0
2022-09-14 19:59:00-04:00,26.6396,26.67,26.63,26.64,26.64,0
