Datetime,Open,High,Low,Close,Adj Close,Volume
2021-08-30 04:00:00-04:00,269.3,269.3,266.49,266.49,266.49,0
2021-08-30 04:03:00-04:00,266.54,266.69,266.54,266.69,266.69,0
2021-08-30 04:05:00-04:00,266.9,267.25,266.9,266.9,266.9,0
2021-08-30 04:06:00-04:00,266.9,266.9,266.9,266.9,266.9,0
2021-08-30 04:07:00-04:00,267.25,267.25,267.25,267.25,267.25,0
2021-08-30 04:12:00-04:00,267.0,267.25,267.0,267.25,267.25,0
2021-08-30 04:18:00-04:00,267.83,267.83,267.25,267.83,267.83,0
2021-08-30 04:19:00-04:00,267.83,267.84,267.75,267.75,267.75,0
2021-08-30 04:22:00-04:00,267.75,267.75,267.75,267.75,267.75,0
2021-08-30 04:24:00-04:00,267.76,267.76,267.76,267.76,267.76,0
2021-08-30 04:26:00-04:00,267.01,267.01,267.0,267.0,267.0,0
2021-08-30 04:29:00-04:00,266.98,266.98,266.98,266.98,266.98,0
2021-08-30 04:43:00-04:00,266.97,266.98,266.97,266.98,266.98,0
2021-08-30 05:08:00-04:00,266.99,266.99,266.99,266.99,266.99,0
2021-08-30 05:25:00-04:00,266.95,266.95,266.95,266.95,266.95,0
2021-08-30 05:27:00-04:00,266.97,266.97,266.97,266.97,266.97,0
2021-08-30 05:30:00-04:00,266.94,266.98,266.94,266.98,266.98,0
2021-08-30 05:31:00-04:00,266.94,266.94,266.94,266.94,266.94,0
2021-08-30 06:11:00-04:00,266.9,266.98,266.9,266.98,266.98,0
2021-08-30 06:12:00-04:00,266.98,266.98,266.9,266.98,266.98,0
2021-08-30 06:14:00-04:00,266.98,266.98,266.9,266.9,266.9,0
2021-08-30 06:21:00-04:00,266.92,266.98,266.9,266.96,266.96,0
2021-08-30 06:22:00-04:00,266.7,266.7,266.69,266.69,266.69,0
2021-08-30 06:26:00-04:00,266.96,266.98,266.96,266.98,266.98,0
2021-08-30 07:00:00-04:00,266.98,266.98,266.81,266.9,266.9,0
2021-08-30 07:01:00-04:00,266.91,266.92,266.91,266.92,266.92,0
2021-08-30 07:02:00-04:00,266.92,266.92,266.9,266.9,266.9,0
2021-08-30 07:03:00-04:00,266.87,266.9,266.77,266.77,266.77,0
2021-08-30 07:05:00-04:00,266.8,266.8,266.8,266.8,266.8,0
2021-08-30 07:06:00-04:00,266.77,266.8,266.77,266.8,266.8,0
2021-08-30 07:09:00-04:00,266.75,266.75,266.67,266.67,266.67,0
2021-08-30 07:10:00-04:00,266.62,266.62,266.62,266.62,266.62,0
2021-08-30 07:13:00-04:00,266.74,266.75,266.74,266.75,266.75,0
2021-08-30 07:14:00-04:00,266.6,266.61,266.6,266.61,266.61,0
2021-08-30 07:15:00-04:00,266.6,266.7,266.6,266.61,266.61,0
2021-08-30 07:16:00-04:00,266.61,266.72,266.59,266.65,266.65,0
2021-08-30 07:21:00-04:00,266.71,266.74,266.71,266.74,266.74,0
2021-08-30 07:28:00-04:00,266.78,266.78,266.78,266.78,266.78,0
2021-08-30 07:29:00-04:00,266.78,266.78,266.65,266.65,266.65,0
2021-08-30 07:30:00-04:00,266.63,266.63,266.59,266.59,266.59,0
2021-08-30 07:31:00-04:00,266.73,266.73,266.73,266.73,266.73,0
2021-08-30 07:32:00-04:00,266.75,266.75,266.75,266.75,266.75,0
2021-08-30 07:34:00-04:00,266.65,266.65,266.61,266.61,266.61,0
2021-08-30 07:35:00-04:00,266.79,266.8,266.74,266.78,266.78,0
2021-08-30 07:36:00-04:00,266.65,266.65,266.48,266.57,266.57,0
2021-08-30 07:37:00-04:00,266.57,266.58,266.56,266.58,266.58,0
2021-08-30 07:38:00-04:00,266.57,266.57,266.57,266.57,266.57,0
2021-08-30 07:40:00-04:00,266.5,266.57,266.5,266.57,266.57,0
2021-08-30 07:41:00-04:00,266.58,266.58,266.58,266.58,266.58,0
2021-08-30 07:44:00-04:00,266.5,266.5,266.5,266.5,266.5,0
2021-08-30 07:46:00-04:00,266.5,266.58,266.5,266.57,266.57,0
2021-08-30 07:49:00-04:00,266.77,266.77,266.66,266.66,266.66,0
2021-08-30 07:50:00-04:00,266.77,266.77,266.75,266.75,266.75,0
2021-08-30 07:52:00-04:00,266.61,266.61,266.61,266.61,266.61,0
2021-08-30 07:54:00-04:00,266.72,266.72,266.72,266.72,266.72,0
2021-08-30 07:57:00-04:00,266.7,266.7,266.7,266.7,266.7,0
2021-08-30 07:58:00-04:00,266.62,266.62,266.6,266.6,266.6,0
2021-08-30 07:59:00-04:00,266.56,266.77,266.56,266.62,266.62,0
2021-08-30 08:00:00-04:00,266.94,267.0,266.25,266.38,266.38,0
2021-08-30 08:01:00-04:00,266.32,266.32,265.864,266.28,266.28,0
2021-08-30 08:03:00-04:00,266.1,266.28,266.1,266.28,266.28,0
2021-08-30 08:04:00-04:00,266.357,266.36,266.357,266.36,266.36,0
2021-08-30 08:09:00-04:00,266.5001,266.58,266.5001,266.58,266.58,0
2021-08-30 08:12:00-04:00,266.66,266.66,266.66,266.66,266.66,0
2021-08-30 08:13:00-04:00,266.53,266.6,266.53,266.6,266.6,0
2021-08-30 08:15:00-04:00,266.5,266.55,266.3,266.48,266.48,0
2021-08-30 08:16:00-04:00,266.54,266.54,266.35,266.54,266.54,0
2021-08-30 08:17:00-04:00,266.54,266.54,266.54,266.54,266.54,0
2021-08-30 08:19:00-04:00,266.5,266.5,266.31,266.4,266.4,0
2021-08-30 08:20:00-04:00,266.4,266.4,266.4,266.4,266.4,0
2021-08-30 08:21:00-04:00,266.4,266.4,266.31,266.4,266.4,0
2021-08-30 08:23:00-04:00,266.5,266.5,266.46,266.46,266.46,0
2021-08-30 08:24:00-04:00,266.46,266.46,266.42,266.42,266.42,0
2021-08-30 08:25:00-04:00,266.3001,266.3001,266.3001,266.3001,266.3001,0
2021-08-30 08:26:00-04:00,266.39,266.39,266.39,266.39,266.39,0
2021-08-30 08:28:00-04:00,266.43,266.44,266.3,266.3,266.3,0
2021-08-30 08:29:00-04:00,266.3,266.3,266.3,266.3,266.3,0
2021-08-30 08:30:00-04:00,266.33,266.53,265.89,265.97,265.97,0
2021-08-30 08:31:00-04:00,265.97,265.97,265.95,265.97,265.97,0
2021-08-30 08:32:00-04:00,266.15,266.15,265.95,265.95,265.95,0
2021-08-30 08:33:00-04:00,265.9527,265.9527,265.9527,265.9527,265.9527,0
2021-08-30 08:34:00-04:00,266.06,266.16,266.06,266.16,266.16,0
2021-08-30 08:35:00-04:00,266.19,266.19,265.9942,266.19,266.19,0
2021-08-30 08:36:00-04:00,266.4,266.4,266.16,266.16,266.16,0
2021-08-30 08:37:00-04:00,266.0,266.29,266.0,266.29,266.29,0
2021-08-30 08:38:00-04:00,266.03,266.25,266.03,266.25,266.25,0
2021-08-30 08:39:00-04:00,266.25,266.25,266.25,266.25,266.25,0
2021-08-30 08:40:00-04:00,266.31,266.31,266.31,266.31,266.31,0
2021-08-30 08:42:00-04:00,266.48,266.48,266.48,266.48,266.48,0
2021-08-30 08:43:00-04:00,266.36,266.42,266.1,266.1,266.1,0
2021-08-30 08:44:00-04:00,266.4,266.48,266.4,266.48,266.48,0
2021-08-30 08:45:00-04:00,266.29,266.29,266.02,266.04,266.04,0
2021-08-30 08:46:00-04:00,266.1,266.1,266.02,266.02,266.02,0
2021-08-30 08:47:00-04:00,266.0001,266.0001,266.0001,266.0001,266.0001,0
2021-08-30 08:48:00-04:00,266.25,266.25,266.02,266.02,266.02,0
2021-08-30 08:49:00-04:00,266.01,266.23,265.96,266.23,266.23,0
2021-08-30 08:50:00-04:00,266.05,266.49,265.83,266.49,266.49,0
2021-08-30 08:51:00-04:00,265.98,266.07,265.96,266.07,266.07,0
2021-08-30 08:52:00-04:00,265.92,265.92,265.92,265.92,265.92,0
2021-08-30 08:53:00-04:00,265.81,266.48,265.81,266.48,266.48,0
2021-08-30 08:54:00-04:00,265.81,266.48,265.81,265.81,265.81,0
2021-08-30 08:56:00-04:00,266.0,266.48,266.0,266.48,266.48,0
2021-08-30 08:58:00-04:00,266.48,266.48,265.85,266.15,266.15,0
2021-08-30 08:59:00-04:00,266.14,266.14,265.82,266.08,266.08,0
2021-08-30 09:00:00-04:00,265.9,265.96,265.82,265.85,265.85,0
2021-08-30 09:01:00-04:00,265.97,266.0,265.81,265.955,265.955,0
2021-08-30 09:02:00-04:00,266.0,266.05,266.0,266.0,266.0,0
2021-08-30 09:03:00-04:00,266.1,266.1,266.05,266.05,266.05,0
2021-08-30 09:04:00-04:00,266.0,266.1,266.0,266.05,266.05,0
2021-08-30 09:05:00-04:00,266.0,266.48,266.0,266.3,266.3,0
2021-08-30 09:06:00-04:00,266.48,266.48,266.02,266.02,266.02,0
2021-08-30 09:07:00-04:00,266.02,266.03,265.88,265.88,265.88,0
2021-08-30 09:08:00-04:00,266.18,266.48,265.88,265.88,265.88,0
2021-08-30 09:09:00-04:00,266.02,266.14,266.0,266.0,266.0,0
2021-08-30 09:10:00-04:00,266.48,266.48,266.0,266.0,266.0,0
2021-08-30 09:11:00-04:00,266.48,266.48,266.18,266.48,266.48,0
2021-08-30 09:12:00-04:00,266.15,266.15,266.0,266.035,266.035,0
2021-08-30 09:13:00-04:00,266.02,266.18,266.0,266.18,266.18,0
2021-08-30 09:14:00-04:00,266.035,266.18,266.0,266.055,266.055,0
2021-08-30 09:30:00-04:00,265.80999755859375,266.5,265.43438720703125,266.4800109863281,266.4800109863281,299792
2021-08-30 09:31:00-04:00,266.3999938964844,266.3999938964844,265.80999755859375,266.05999755859375,266.05999755859375,20744
2021-08-30 09:32:00-04:00,265.9200134277344,266.1000061035156,265.5,265.8299865722656,265.8299865722656,32405
2021-08-30 09:33:00-04:00,265.8599853515625,266.3699951171875,265.8599853515625,266.2200012207031,266.2200012207031,22316
2021-08-30 09:34:00-04:00,266.2250061035156,266.3800048828125,266.0118103027344,266.1400146484375,266.1400146484375,11981
2021-08-30 09:35:00-04:00,266.19000244140625,266.3699951171875,266.0199890136719,266.3399963378906,266.3399963378906,38450
2021-08-30 09:36:00-04:00,266.2749938964844,266.7099914550781,266.2300109863281,266.5799865722656,266.5799865722656,37442
2021-08-30 09:37:00-04:00,266.5799865722656,266.5799865722656,266.2699890136719,266.2699890136719,266.2699890136719,11486
2021-08-30 09:38:00-04:00,266.2799987792969,266.909912109375,266.2099914550781,266.8500061035156,266.8500061035156,22406
2021-08-30 09:39:00-04:00,266.79998779296875,267.5400085449219,266.79998779296875,267.489990234375,267.489990234375,47781
2021-08-30 09:40:00-04:00,267.489990234375,267.5799865722656,267.1600036621094,267.510009765625,267.510009765625,29937
2021-08-30 09:41:00-04:00,267.5199890136719,267.55999755859375,266.8500061035156,266.8500061035156,266.8500061035156,18000
2021-08-30 09:42:00-04:00,266.8699951171875,267.010009765625,266.45001220703125,266.54998779296875,266.54998779296875,21422
2021-08-30 09:43:00-04:00,266.5450134277344,266.6199951171875,266.30010986328125,266.30010986328125,266.30010986328125,9591
2021-08-30 09:44:00-04:00,266.3599853515625,266.79998779296875,266.3599853515625,266.79998779296875,266.79998779296875,25709
2021-08-30 09:45:00-04:00,266.81500244140625,266.82989501953125,266.3399963378906,266.3800048828125,266.3800048828125,15518
2021-08-30 09:46:00-04:00,266.3949890136719,266.3949890136719,265.95001220703125,266.04998779296875,266.04998779296875,38200
2021-08-30 09:47:00-04:00,266.0249938964844,266.0849914550781,265.989990234375,266.0799865722656,266.0799865722656,13400
2021-08-30 09:48:00-04:00,266.1199951171875,266.3900146484375,266.0899963378906,266.2900085449219,266.2900085449219,24593
2021-08-30 09:49:00-04:00,266.3399963378906,266.5599975585937,266.3399963378906,266.489990234375,266.489990234375,13467
2021-08-30 09:50:00-04:00,266.4599914550781,266.56170654296875,266.45001220703125,266.5249938964844,266.5249938964844,16461
2021-08-30 09:51:00-04:00,266.54998779296875,266.5799865722656,266.30999755859375,266.44000244140625,266.44000244140625,13391
2021-08-30 09:52:00-04:00,266.4599914550781,266.5199890136719,266.3410949707031,266.5050048828125,266.5050048828125,14750
2021-08-30 09:53:00-04:00,266.5,266.5,266.1700134277344,266.3800048828125,266.3800048828125,10031
2021-08-30 09:54:00-04:00,266.3999938964844,266.7300109863281,266.34698486328125,266.7300109863281,266.7300109863281,18752
2021-08-30 09:55:00-04:00,266.70001220703125,266.8999938964844,266.5199890136719,266.5400085449219,266.5400085449219,19540
2021-08-30 09:56:00-04:00,266.54998779296875,266.54998779296875,266.2200012207031,266.3599853515625,266.3599853515625,21464
2021-08-30 09:57:00-04:00,266.3699951171875,266.3900146484375,266.2300109863281,266.2300109863281,266.2300109863281,10904
2021-08-30 09:58:00-04:00,266.2250061035156,266.3598937988281,265.8800048828125,266.3351135253906,266.3351135253906,18844
2021-08-30 09:59:00-04:00,266.2799987792969,266.3699951171875,266.2300109863281,266.2699890136719,266.2699890136719,9712
2021-08-30 10:00:00-04:00,266.2799987792969,266.3299865722656,265.7900085449219,265.9849853515625,265.9849853515625,36680
2021-08-30 10:01:00-04:00,266.1698913574219,266.3099975585937,265.9800109863281,266.04998779296875,266.04998779296875,13948
2021-08-30 10:02:00-04:00,266.1000061035156,266.19000244140625,265.92999267578125,265.94500732421875,265.94500732421875,14342
2021-08-30 10:03:00-04:00,265.9700012207031,266.260009765625,265.9700012207031,266.1600036621094,266.1600036621094,13781
2021-08-30 10:04:00-04:00,266.1400146484375,266.3550109863281,266.07501220703125,266.1019897460937,266.1019897460937,11728
2021-08-30 10:05:00-04:00,266.1700134277344,266.239990234375,266.04998779296875,266.1549987792969,266.1549987792969,11905
2021-08-30 10:06:00-04:00,266.1925048828125,266.54998779296875,266.1925048828125,266.5199890136719,266.5199890136719,19532
2021-08-30 10:07:00-04:00,266.5199890136719,266.5400085449219,266.3074951171875,266.42999267578125,266.42999267578125,15742
2021-08-30 10:08:00-04:00,266.3800048828125,266.6300048828125,266.3299865722656,266.57000732421875,266.57000732421875,13332
2021-08-30 10:09:00-04:00,266.5599975585937,266.6849975585937,266.5299987792969,266.5950012207031,266.5950012207031,10095
2021-08-30 10:10:00-04:00,266.5950012207031,266.6199951171875,266.3066101074219,266.3066101074219,266.3066101074219,14853
2021-08-30 10:11:00-04:00,266.3500061035156,266.5799865722656,266.3399963378906,266.5249938964844,266.5249938964844,14146
2021-08-30 10:12:00-04:00,266.44000244140625,266.8699951171875,266.36968994140625,266.8099975585937,266.8099975585937,14917
2021-08-30 10:13:00-04:00,266.9100036621094,267.0899963378906,266.9100036621094,267.0299987792969,267.0299987792969,29082
2021-08-30 10:14:00-04:00,267.0400085449219,267.1474914550781,266.94000244140625,266.989990234375,266.989990234375,18069
2021-08-30 10:15:00-04:00,266.9949951171875,267.04998779296875,266.8699951171875,266.989990234375,266.989990234375,18518
2021-08-30 10:16:00-04:00,266.9800109863281,267.0631103515625,266.80999755859375,266.80999755859375,266.80999755859375,13447
2021-08-30 10:17:00-04:00,266.8299865722656,267.010009765625,266.739990234375,266.8500061035156,266.8500061035156,9669
2021-08-30 10:18:00-04:00,266.8800048828125,266.92999267578125,266.7799987792969,266.7799987792969,266.7799987792969,10826
2021-08-30 10:19:00-04:00,266.6449890136719,266.7900085449219,266.6217041015625,266.7229919433594,266.7229919433594,10397
2021-08-30 10:20:00-04:00,266.7099914550781,266.95989990234375,266.7099914550781,266.8349914550781,266.8349914550781,6522
2021-08-30 10:21:00-04:00,266.81500244140625,266.8800048828125,266.55999755859375,266.69000244140625,266.69000244140625,11840
2021-08-30 10:22:00-04:00,266.69000244140625,266.9100036621094,266.6300048828125,266.88238525390625,266.88238525390625,10223
2021-08-30 10:23:00-04:00,266.8949890136719,266.8949890136719,266.7099914550781,266.7699890136719,266.7699890136719,8016
2021-08-30 10:24:00-04:00,266.7099914550781,266.7300109863281,266.5450134277344,266.6199951171875,266.6199951171875,13446
2021-08-30 10:25:00-04:00,266.625,266.89990234375,266.54998779296875,266.8699951171875,266.8699951171875,10736
2021-08-30 10:26:00-04:00,266.8900146484375,266.8900146484375,266.5846862792969,266.6400146484375,266.6400146484375,9710
2021-08-30 10:27:00-04:00,266.6700134277344,266.7200012207031,266.5599975585937,266.69000244140625,266.69000244140625,16598
2021-08-30 10:28:00-04:00,266.625,266.739990234375,266.54998779296875,266.6012878417969,266.6012878417969,12270
2021-08-30 10:29:00-04:00,266.5899963378906,267.0,266.5899963378906,267.0,267.0,18552
2021-08-30 10:30:00-04:00,267.0299987792969,267.19000244140625,266.9599914550781,267.19000244140625,267.19000244140625,11819
2021-08-30 10:31:00-04:00,267.19000244140625,267.3299865722656,267.19000244140625,267.20001220703125,267.20001220703125,10168
2021-08-30 10:32:00-04:00,267.20001220703125,267.20001220703125,267.05999755859375,267.1600036621094,267.1600036621094,10531
2021-08-30 10:33:00-04:00,267.0799865722656,267.1600036621094,266.989990234375,267.1099853515625,267.1099853515625,16582
2021-08-30 10:34:00-04:00,267.0299987792969,267.0799865722656,266.92999267578125,266.95001220703125,266.95001220703125,8912
2021-08-30 10:35:00-04:00,266.8900146484375,266.94000244140625,266.75,266.7650146484375,266.7650146484375,11303
2021-08-30 10:36:00-04:00,266.7449951171875,266.7449951171875,266.5400085449219,266.5899963378906,266.5899963378906,15568
2021-08-30 10:37:00-04:00,266.5899963378906,266.6600036621094,266.5599975585937,266.5899963378906,266.5899963378906,5089
2021-08-30 10:38:00-04:00,266.5899963378906,266.75,266.5899963378906,266.739990234375,266.739990234375,11749
2021-08-30 10:39:00-04:00,266.7349853515625,266.9796142578125,266.7349853515625,266.885009765625,266.885009765625,10428
2021-08-30 10:40:00-04:00,266.9100036621094,266.9599914550781,266.8099975585937,266.9599914550781,266.9599914550781,13622
2021-08-30 10:41:00-04:00,266.989990234375,267.1499938964844,266.8999938964844,267.04998779296875,267.04998779296875,15052
2021-08-30 10:42:00-04:00,267.010009765625,267.1300048828125,266.9888916015625,267.0799865722656,267.0799865722656,7788
2021-08-30 10:43:00-04:00,267.0899963378906,267.1499938964844,267.0599975585937,267.1000061035156,267.1000061035156,15395
2021-08-30 10:44:00-04:00,267.07000732421875,267.2200012207031,267.0199890136719,267.1099853515625,267.1099853515625,14577
2021-08-30 10:45:00-04:00,267.1000061035156,267.1499938964844,266.885009765625,266.8999938964844,266.8999938964844,13888
2021-08-30 10:46:00-04:00,266.9200134277344,267.1300048828125,266.8999938964844,267.0719909667969,267.0719909667969,8648
2021-08-30 10:47:00-04:00,267.1199951171875,267.1700134277344,267.1000061035156,267.1400146484375,267.1400146484375,7212
2021-08-30 10:48:00-04:00,267.1499938964844,267.2099914550781,267.07000732421875,267.1300048828125,267.1300048828125,15174
2021-08-30 10:49:00-04:00,267.125,267.239990234375,266.9800109863281,266.9800109863281,266.9800109863281,12490
2021-08-30 10:50:00-04:00,266.9800109863281,266.9800109863281,266.7749938964844,266.82000732421875,266.82000732421875,12098
2021-08-30 10:51:00-04:00,266.82000732421875,266.8299865722656,266.57000732421875,266.57000732421875,266.57000732421875,11751
2021-08-30 10:52:00-04:00,266.5799865722656,266.6400146484375,266.54998779296875,266.57000732421875,266.57000732421875,18165
2021-08-30 10:53:00-04:00,266.54998779296875,266.75,266.5199890136719,266.75,266.75,17911
2021-08-30 10:54:00-04:00,266.7875061035156,266.79998779296875,266.5599975585937,266.5899963378906,266.5899963378906,6237
2021-08-30 10:55:00-04:00,266.54998779296875,266.6400146484375,266.5425109863281,266.6000061035156,266.6000061035156,20649
2021-08-30 10:56:00-04:00,266.6199951171875,266.6400146484375,266.5299987792969,266.54998779296875,266.54998779296875,15482
2021-08-30 10:57:00-04:00,266.54998779296875,266.67498779296875,266.54998779296875,266.6000061035156,266.6000061035156,17929
2021-08-30 10:58:00-04:00,266.54998779296875,266.70001220703125,266.5400085449219,266.5450134277344,266.5450134277344,19980
2021-08-30 10:59:00-04:00,266.57000732421875,266.6099853515625,266.5450134277344,266.54998779296875,266.54998779296875,10477
2021-08-30 11:00:00-04:00,266.57000732421875,266.6000061035156,266.5450134277344,266.6000061035156,266.6000061035156,9090
2021-08-30 11:01:00-04:00,266.5799865722656,266.69000244140625,266.54998779296875,266.56500244140625,266.56500244140625,12487
2021-08-30 11:02:00-04:00,266.54998779296875,266.6499938964844,266.5350036621094,266.6499938964844,266.6499938964844,14076
2021-08-30 11:03:00-04:00,266.6499938964844,266.6700134277344,266.510009765625,266.5199890136719,266.5199890136719,13909
2021-08-30 11:04:00-04:00,266.5,266.54998779296875,266.4100036621094,266.4110107421875,266.4110107421875,8563
2021-08-30 11:05:00-04:00,266.3999938964844,266.4100036621094,266.0799865722656,266.1099853515625,266.1099853515625,13730
2021-08-30 11:06:00-04:00,266.1000061035156,266.1499938964844,266.0599975585937,266.0899963378906,266.0899963378906,7810
2021-08-30 11:07:00-04:00,266.11138916015625,266.19000244140625,266.05999755859375,266.0799865722656,266.0799865722656,12037
2021-08-30 11:08:00-04:00,266.1000061035156,266.1000061035156,265.9100036621094,265.9100036621094,265.9100036621094,11312
2021-08-30 11:09:00-04:00,265.8399963378906,265.8399963378906,265.5599975585937,265.57330322265625,265.57330322265625,13672
2021-08-30 11:10:00-04:00,265.5504150390625,265.6099853515625,265.4949951171875,265.5,265.5,14689
2021-08-30 11:11:00-04:00,265.4800109863281,265.5,265.3900146484375,265.4100036621094,265.4100036621094,15226
2021-08-30 11:12:00-04:00,265.3999938964844,265.4800109863281,265.32000732421875,265.4700012207031,265.4700012207031,17752
2021-08-30 11:13:00-04:00,265.4800109863281,265.489990234375,265.3399963378906,265.489990234375,265.489990234375,14037
2021-08-30 11:14:00-04:00,265.57000732421875,265.6499938964844,265.510009765625,265.5799865722656,265.5799865722656,12038
2021-08-30 11:15:00-04:00,265.5899963378906,265.5950012207031,265.5,265.5299987792969,265.5299987792969,14363
2021-08-30 11:16:00-04:00,265.5299987792969,265.55999755859375,265.2900085449219,265.3800048828125,265.3800048828125,43468
2021-08-30 11:17:00-04:00,265.364990234375,265.364990234375,264.8999938964844,265.05999755859375,265.05999755859375,45558
2021-08-30 11:18:00-04:00,265.0899963378906,265.0899963378906,264.9200134277344,264.9200134277344,264.9200134277344,14898
2021-08-30 11:19:00-04:00,264.9200134277344,264.94000244140625,264.75,264.9200134277344,264.9200134277344,13616
2021-08-30 11:20:00-04:00,264.8800048828125,265.1050109863281,264.864990234375,265.0799865722656,265.0799865722656,12817
2021-08-30 11:21:00-04:00,265.0899963378906,265.2799987792969,265.0899963378906,265.2049865722656,265.2049865722656,16249
2021-08-30 11:22:00-04:00,265.2049865722656,265.5069885253906,265.20001220703125,265.4200134277344,265.4200134277344,30210
2021-08-30 11:23:00-04:00,265.45001220703125,265.6099853515625,265.42999267578125,265.5899963378906,265.5899963378906,13530
2021-08-30 11:24:00-04:00,265.5599975585937,265.67999267578125,265.4649963378906,265.4700012207031,265.4700012207031,9771
2021-08-30 11:25:00-04:00,265.5,265.6400146484375,265.4100036621094,265.4100036621094,265.4100036621094,9388
2021-08-30 11:26:00-04:00,265.3586120605469,265.5,265.3399963378906,265.4800109863281,265.4800109863281,6486
2021-08-30 11:27:00-04:00,265.45001220703125,265.5599975585937,265.44000244140625,265.45001220703125,265.45001220703125,12575
2021-08-30 11:28:00-04:00,265.4599914550781,265.4599914550781,265.3399963378906,265.3949890136719,265.3949890136719,9347
2021-08-30 11:29:00-04:00,265.3800048828125,265.42999267578125,265.2799987792969,265.42999267578125,265.42999267578125,15910
2021-08-30 11:30:00-04:00,265.4200134277344,265.510009765625,265.3299865722656,265.510009765625,265.510009765625,11660
2021-08-30 11:31:00-04:00,265.510009765625,265.54998779296875,265.42999267578125,265.506591796875,265.506591796875,9008
2021-08-30 11:32:00-04:00,265.5,265.54998779296875,265.3699035644531,265.3999938964844,265.3999938964844,9930
2021-08-30 11:33:00-04:00,265.42999267578125,265.42999267578125,265.2799987792969,265.4100036621094,265.4100036621094,7528
2021-08-30 11:34:00-04:00,265.42999267578125,265.42999267578125,265.29998779296875,265.3399963378906,265.3399963378906,6768
2021-08-30 11:35:00-04:00,265.32000732421875,265.41070556640625,265.29998779296875,265.3089904785156,265.3089904785156,7981
2021-08-30 11:36:00-04:00,265.25,265.32000732421875,265.1763000488281,265.19000244140625,265.19000244140625,9053
2021-08-30 11:37:00-04:00,265.2099914550781,265.260009765625,265.1700134277344,265.2200012207031,265.2200012207031,15166
2021-08-30 11:38:00-04:00,265.2254943847656,265.2799987792969,265.2254943847656,265.239990234375,265.239990234375,5796
2021-08-30 11:39:00-04:00,265.26580810546875,265.26580810546875,264.989990234375,265.0199890136719,265.0199890136719,13153
2021-08-30 11:40:00-04:00,265.0,265.0199890136719,264.8999938964844,264.9296875,264.9296875,18638
2021-08-30 11:41:00-04:00,264.8999938964844,265.1400146484375,264.8999938964844,265.0799865722656,265.0799865722656,24832
2021-08-30 11:42:00-04:00,265.07501220703125,265.1199951171875,264.92498779296875,265.0899963378906,265.0899963378906,8765
2021-08-30 11:43:00-04:00,265.1199951171875,265.1499938964844,265.0199890136719,265.0450134277344,265.0450134277344,5530
2021-08-30 11:44:00-04:00,265.0899963378906,265.2598876953125,265.0400085449219,265.2349853515625,265.2349853515625,12630
2021-08-30 11:45:00-04:00,265.2349853515625,265.3800048828125,265.1400146484375,265.3299865722656,265.3299865722656,9902
2021-08-30 11:46:00-04:00,265.3349914550781,265.5599975585937,265.3349914550781,265.5400085449219,265.5400085449219,11364
2021-08-30 11:47:00-04:00,265.5299987792969,265.760009765625,265.5299987792969,265.760009765625,265.760009765625,13751
2021-08-30 11:48:00-04:00,265.7699890136719,265.82000732421875,265.75,265.8099975585937,265.8099975585937,32557
2021-08-30 11:49:00-04:00,265.8099975585937,265.8599853515625,265.6700134277344,265.69500732421875,265.69500732421875,10569
2021-08-30 11:50:00-04:00,265.70001220703125,265.8500061035156,265.67999267578125,265.8500061035156,265.8500061035156,12047
2021-08-30 11:51:00-04:00,265.86041259765625,265.9100036621094,265.7699890136719,265.8699951171875,265.8699951171875,11170
2021-08-30 11:52:00-04:00,265.8500061035156,265.9549865722656,265.8299865722656,265.8525085449219,265.8525085449219,10393
2021-08-30 11:53:00-04:00,265.8299865722656,265.90289306640625,265.80999755859375,265.8399963378906,265.8399963378906,11152
2021-08-30 11:54:00-04:00,265.8500061035156,265.8999938964844,265.7900085449219,265.7900085449219,265.7900085449219,37547
2021-08-30 11:55:00-04:00,265.7900085449219,265.7950134277344,265.6499938964844,265.6600036621094,265.6600036621094,18692
2021-08-30 11:56:00-04:00,265.6600036621094,265.7300109863281,265.6600036621094,265.6849975585937,265.6849975585937,17690
2021-08-30 11:57:00-04:00,265.6990051269531,265.71209716796875,265.54998779296875,265.5516052246094,265.5516052246094,21477
2021-08-30 11:58:00-04:00,265.55999755859375,265.6099853515625,265.5,265.5375061035156,265.5375061035156,16189
2021-08-30 11:59:00-04:00,265.5299987792969,265.57000732421875,265.5,265.5599975585937,265.5599975585937,10560
2021-08-30 12:00:00-04:00,265.5899963378906,265.75,265.5599060058594,265.5599060058594,265.5599060058594,11940
2021-08-30 12:01:00-04:00,265.5350036621094,265.5350036621094,265.29998779296875,265.3500061035156,265.3500061035156,13484
2021-08-30 12:02:00-04:00,265.3550109863281,265.45001220703125,265.32000732421875,265.42999267578125,265.42999267578125,12174
2021-08-30 12:03:00-04:00,265.45001220703125,265.57000732421875,265.260009765625,265.2650146484375,265.2650146484375,10484
2021-08-30 12:04:00-04:00,265.25,265.45001220703125,265.2099914550781,265.45001220703125,265.45001220703125,13804
2021-08-30 12:05:00-04:00,265.4599914550781,265.4599914550781,265.2699890136719,265.3299865722656,265.3299865722656,9392
2021-08-30 12:06:00-04:00,265.3450012207031,265.3699951171875,265.32000732421875,265.3399963378906,265.3399963378906,8944
2021-08-30 12:07:00-04:00,265.3500061035156,265.4700012207031,265.3500061035156,265.45001220703125,265.45001220703125,7900
2021-08-30 12:08:00-04:00,265.4289855957031,265.44000244140625,265.29998779296875,265.3299865722656,265.3299865722656,5708
2021-08-30 12:09:00-04:00,265.32000732421875,265.4700012207031,265.32000732421875,265.3999938964844,265.3999938964844,7314
2021-08-30 12:10:00-04:00,265.4198913574219,265.4599914550781,265.2799987792969,265.4200134277344,265.4200134277344,11432
2021-08-30 12:11:00-04:00,265.44000244140625,265.5400085449219,265.3999938964844,265.510009765625,265.510009765625,7560
2021-08-30 12:12:00-04:00,265.5199890136719,265.5899963378906,265.42999267578125,265.489990234375,265.489990234375,12109
2021-08-30 12:13:00-04:00,265.5299987792969,265.6099853515625,265.4800109863281,265.5899963378906,265.5899963378906,14280
2021-08-30 12:14:00-04:00,265.6099853515625,265.67999267578125,265.5899963378906,265.63250732421875,265.63250732421875,17628
2021-08-30 12:15:00-04:00,265.6400146484375,265.739990234375,265.6300048828125,265.6700134277344,265.6700134277344,10407
2021-08-30 12:16:00-04:00,265.69000244140625,265.7699890136719,265.6499938964844,265.6600036621094,265.6600036621094,9490
2021-08-30 12:17:00-04:00,265.6700134277344,265.8299865722656,265.6700134277344,265.7699890136719,265.7699890136719,7076
2021-08-30 12:18:00-04:00,265.7900085449219,265.82000732421875,265.7749938964844,265.7900085449219,265.7900085449219,7979
2021-08-30 12:19:00-04:00,265.7900085449219,265.7925109863281,265.6199951171875,265.6330871582031,265.6330871582031,9544
2021-08-30 12:20:00-04:00,265.625,265.67999267578125,265.6000061035156,265.67999267578125,265.67999267578125,9687
2021-08-30 12:21:00-04:00,265.7099914550781,265.7550048828125,265.6499938964844,265.6499938964844,265.6499938964844,6065
2021-08-30 12:22:00-04:00,265.6700134277344,265.760009765625,265.6499938964844,265.75,265.75,7604
2021-08-30 12:23:00-04:00,265.7900085449219,265.7900085449219,265.6600036621094,265.69000244140625,265.69000244140625,7988
2021-08-30 12:24:00-04:00,265.6700134277344,265.7099914550781,265.614990234375,265.7099914550781,265.7099914550781,7004
2021-08-30 12:25:00-04:00,265.69000244140625,265.75,265.6700134277344,265.7300109863281,265.7300109863281,6856
2021-08-30 12:26:00-04:00,265.71990966796875,265.73150634765625,265.68499755859375,265.73150634765625,265.73150634765625,3301
2021-08-30 12:27:00-04:00,265.7099914550781,265.7799987792969,265.6499938964844,265.6499938964844,265.6499938964844,6395
2021-08-30 12:28:00-04:00,265.6199951171875,265.6600036621094,265.5400085449219,265.5400085449219,265.5400085449219,11794
2021-08-30 12:29:00-04:00,265.54998779296875,265.572509765625,265.5299987792969,265.54998779296875,265.54998779296875,3374
2021-08-30 12:30:00-04:00,265.5249938964844,265.56500244140625,265.489990234375,265.5199890136719,265.5199890136719,9798
2021-08-30 12:31:00-04:00,265.5199890136719,265.54998779296875,265.3500061035156,265.51849365234375,265.51849365234375,22476
2021-08-30 12:32:00-04:00,265.5400085449219,265.6199951171875,265.510009765625,265.6000061035156,265.6000061035156,8796
2021-08-30 12:33:00-04:00,265.5899963378906,265.6300048828125,265.57000732421875,265.6000061035156,265.6000061035156,5887
2021-08-30 12:34:00-04:00,265.5899963378906,265.6499938964844,265.5899963378906,265.6400146484375,265.6400146484375,3848
2021-08-30 12:35:00-04:00,265.6099853515625,265.6099853515625,265.4800109863281,265.5,265.5,6904
2021-08-30 12:36:00-04:00,265.4700012207031,265.5,265.3900146484375,265.42999267578125,265.42999267578125,6156
2021-08-30 12:37:00-04:00,265.4599914550781,265.510009765625,265.3999938964844,265.489990234375,265.489990234375,8443
2021-08-30 12:38:00-04:00,265.4800109863281,265.5450134277344,265.4800109863281,265.5400085449219,265.5400085449219,8872
2021-08-30 12:39:00-04:00,265.5899963378906,265.6099853515625,265.5299987792969,265.5299987792969,265.5299987792969,6150
2021-08-30 12:40:00-04:00,265.5299987792969,265.5299987792969,265.4800109863281,265.4949951171875,265.4949951171875,7802
2021-08-30 12:41:00-04:00,265.49200439453125,265.5400085449219,265.45379638671875,265.5199890136719,265.5199890136719,10047
2021-08-30 12:42:00-04:00,265.5360107421875,265.5740966796875,265.5,265.5350036621094,265.5350036621094,7152
2021-08-30 12:43:00-04:00,265.5199890136719,265.57000732421875,265.5,265.5150146484375,265.5150146484375,5385
2021-08-30 12:44:00-04:00,265.5,265.57000732421875,265.5,265.5400085449219,265.5400085449219,5555
2021-08-30 12:45:00-04:00,265.5199890136719,265.5599975585937,265.5,265.5199890136719,265.5199890136719,8411
2021-08-30 12:46:00-04:00,265.5299987792969,265.54998779296875,265.4327087402344,265.43499755859375,265.43499755859375,9277
2021-08-30 12:47:00-04:00,265.43499755859375,265.5249938964844,265.4200134277344,265.5150146484375,265.5150146484375,13542
2021-08-30 12:48:00-04:00,265.5150146484375,265.6400146484375,265.5150146484375,265.6000061035156,265.6000061035156,8439
2021-08-30 12:49:00-04:00,265.6300048828125,265.67999267578125,265.6099853515625,265.6400146484375,265.6400146484375,5518
2021-08-30 12:50:00-04:00,265.6099853515625,265.6099853515625,265.4599914550781,265.510009765625,265.510009765625,6391
2021-08-30 12:51:00-04:00,265.5299987792969,265.5599975585937,265.44500732421875,265.5,265.5,11221
2021-08-30 12:52:00-04:00,265.5,265.5599975585937,265.4800109863281,265.489990234375,265.489990234375,3817
2021-08-30 12:53:00-04:00,265.489990234375,265.6000061035156,265.489990234375,265.57000732421875,265.57000732421875,6201
2021-08-30 12:54:00-04:00,265.54998779296875,265.6499938964844,265.5350036621094,265.5400085449219,265.5400085449219,8211
2021-08-30 12:55:00-04:00,265.5400085449219,265.57000732421875,265.510009765625,265.54998779296875,265.54998779296875,9192
2021-08-30 12:56:00-04:00,265.5780944824219,265.6549987792969,265.5639953613281,265.6000061035156,265.6000061035156,5448
2021-08-30 12:57:00-04:00,265.6000061035156,265.6499938964844,265.5350036621094,265.6300048828125,265.6300048828125,6907
2021-08-30 12:58:00-04:00,265.625,265.6300048828125,265.5599975585937,265.6199951171875,265.6199951171875,5697
2021-08-30 12:59:00-04:00,265.6199951171875,265.7300109863281,265.6000061035156,265.7200012207031,265.7200012207031,9649
2021-08-30 13:00:00-04:00,265.7300109863281,265.7699890136719,265.70001220703125,265.7699890136719,265.7699890136719,7976
2021-08-30 13:01:00-04:00,265.7699890136719,265.7699890136719,265.70001220703125,265.727294921875,265.727294921875,10310
2021-08-30 13:02:00-04:00,265.760009765625,265.82000732421875,265.7568054199219,265.82000732421875,265.82000732421875,9383
2021-08-30 13:03:00-04:00,265.82000732421875,265.95001220703125,265.82000732421875,265.95001220703125,265.95001220703125,14030
2021-08-30 13:04:00-04:00,265.95001220703125,266.0,265.93011474609375,265.94500732421875,265.94500732421875,20638
2021-08-30 13:05:00-04:00,265.94500732421875,266.1090087890625,265.94000244140625,266.0350036621094,266.0350036621094,31395
2021-08-30 13:06:00-04:00,266.04998779296875,266.07501220703125,265.9800109863281,266.04998779296875,266.04998779296875,15991
2021-08-30 13:07:00-04:00,266.04998779296875,266.1449890136719,266.0199890136719,266.1449890136719,266.1449890136719,12118
2021-08-30 13:08:00-04:00,266.20001220703125,266.239990234375,266.1199951171875,266.2300109863281,266.2300109863281,6879
2021-08-30 13:09:00-04:00,266.239990234375,266.44000244140625,266.2398986816406,266.44000244140625,266.44000244140625,5454
2021-08-30 13:10:00-04:00,266.3900146484375,266.4599914550781,266.3699951171875,266.3999938964844,266.3999938964844,9219
2021-08-30 13:11:00-04:00,266.4100036621094,266.4590148925781,266.3599853515625,266.4590148925781,266.4590148925781,10597
2021-08-30 13:12:00-04:00,266.4599914550781,266.5400085449219,266.42010498046875,266.5400085449219,266.5400085449219,10690
2021-08-30 13:13:00-04:00,266.56500244140625,266.56500244140625,266.4800109863281,266.5199890136719,266.5199890136719,5023
2021-08-30 13:14:00-04:00,266.5299987792969,266.67999267578125,266.5299987792969,266.55999755859375,266.55999755859375,11581
2021-08-30 13:15:00-04:00,266.5899963378906,266.5899963378906,266.3599853515625,266.3599853515625,266.3599853515625,9658
2021-08-30 13:16:00-04:00,266.3800048828125,266.5050048828125,266.3800048828125,266.5050048828125,266.5050048828125,5131
2021-08-30 13:17:00-04:00,266.4800109863281,266.5199890136719,266.4599914550781,266.4599914550781,266.4599914550781,6284
2021-08-30 13:18:00-04:00,266.4549865722656,266.4700012207031,266.4410095214844,266.4599914550781,266.4599914550781,4525
2021-08-30 13:19:00-04:00,266.44000244140625,266.6090087890625,266.4349975585937,266.5,266.5,14993
2021-08-30 13:20:00-04:00,266.47900390625,266.510009765625,266.42999267578125,266.42999267578125,266.42999267578125,4897
2021-08-30 13:21:00-04:00,266.4599914550781,266.4599914550781,266.4049987792969,266.45001220703125,266.45001220703125,6087
2021-08-30 13:22:00-04:00,266.42999267578125,266.4800109863281,266.42999267578125,266.4800109863281,266.4800109863281,6655
2021-08-30 13:23:00-04:00,266.4849853515625,266.5799865722656,266.4635009765625,266.55499267578125,266.55499267578125,6395
2021-08-30 13:24:00-04:00,266.6199951171875,266.6625061035156,266.5950012207031,266.6400146484375,266.6400146484375,5358
2021-08-30 13:25:00-04:00,266.6300048828125,266.6549987792969,266.6000061035156,266.6549987792969,266.6549987792969,4868
2021-08-30 13:26:00-04:00,266.6625061035156,266.67999267578125,266.6174011230469,266.625,266.625,6218
2021-08-30 13:27:00-04:00,266.6099853515625,266.6099853515625,266.4549865722656,266.4549865722656,266.4549865722656,8189
2021-08-30 13:28:00-04:00,266.44000244140625,266.5899963378906,266.44000244140625,266.56500244140625,266.56500244140625,7616
2021-08-30 13:29:00-04:00,266.5899963378906,266.6712951660156,266.5400085449219,266.54998779296875,266.54998779296875,6842
2021-08-30 13:30:00-04:00,266.5150146484375,266.5899963378906,266.5,266.57000732421875,266.57000732421875,5173
2021-08-30 13:31:00-04:00,266.54998779296875,266.57000732421875,266.3999938964844,266.3999938964844,266.3999938964844,7503
2021-08-30 13:32:00-04:00,266.3949890136719,266.4549865722656,266.3800964355469,266.4100036621094,266.4100036621094,4181
2021-08-30 13:33:00-04:00,266.3800048828125,266.4800109863281,266.3599853515625,266.4800109863281,266.4800109863281,5999
2021-08-30 13:34:00-04:00,266.4466857910156,266.4800109863281,266.4100036621094,266.4649963378906,266.4649963378906,5848
2021-08-30 13:35:00-04:00,266.45001220703125,266.4700012207031,266.3299865722656,266.3450012207031,266.3450012207031,8769
2021-08-30 13:36:00-04:00,266.3399963378906,266.3399963378906,266.2099914550781,266.2349853515625,266.2349853515625,7506
2021-08-30 13:37:00-04:00,266.260009765625,266.2900085449219,266.17498779296875,266.2900085449219,266.2900085449219,7556
2021-08-30 13:38:00-04:00,266.2900085449219,266.3099975585937,266.1199951171875,266.1199951171875,266.1199951171875,10933
2021-08-30 13:39:00-04:00,266.114990234375,266.17999267578125,266.04998779296875,266.1549987792969,266.1549987792969,27028
2021-08-30 13:40:00-04:00,266.1700134277344,266.2080078125,266.07000732421875,266.158203125,266.158203125,11647
2021-08-30 13:41:00-04:00,266.1199951171875,266.17669677734375,266.0899963378906,266.17669677734375,266.17669677734375,7050
2021-08-30 13:42:00-04:00,266.17999267578125,266.19000244140625,266.06500244140625,266.0799865722656,266.0799865722656,7738
2021-08-30 13:43:00-04:00,266.0425109863281,266.07000732421875,265.8500061035156,265.8999938964844,265.8999938964844,18980
2021-08-30 13:44:00-04:00,265.89898681640625,266.0061950683594,265.8949890136719,265.8999938964844,265.8999938964844,7126
2021-08-30 13:45:00-04:00,265.89898681640625,266.0050048828125,265.8599853515625,266.0,266.0,7567
2021-08-30 13:46:00-04:00,266.0199890136719,266.17999267578125,265.989990234375,266.0790100097656,266.0790100097656,9323
2021-08-30 13:47:00-04:00,266.0,266.0400085449219,265.989990234375,265.989990234375,265.989990234375,3562
2021-08-30 13:48:00-04:00,265.9700927734375,266.0,265.92999267578125,265.9700012207031,265.9700012207031,3650
2021-08-30 13:49:00-04:00,265.98748779296875,265.98748779296875,265.8599853515625,265.9100036621094,265.9100036621094,6070
2021-08-30 13:50:00-04:00,265.8714904785156,265.9700012207031,265.7799987792969,265.7799987792969,265.7799987792969,11496
2021-08-30 13:51:00-04:00,265.79998779296875,265.82000732421875,265.70001220703125,265.70001220703125,265.70001220703125,4803
2021-08-30 13:52:00-04:00,265.739990234375,265.739990234375,265.67498779296875,265.67498779296875,265.67498779296875,4296
2021-08-30 13:53:00-04:00,265.635009765625,265.6499938964844,265.57000732421875,265.5950012207031,265.5950012207031,5294
2021-08-30 13:54:00-04:00,265.5799865722656,265.6099853515625,265.4800109863281,265.489990234375,265.489990234375,7546
2021-08-30 13:55:00-04:00,265.489990234375,265.5849914550781,265.4750061035156,265.5365905761719,265.5365905761719,7109
2021-08-30 13:56:00-04:00,265.5400085449219,265.5899963378906,265.3599853515625,265.3599853515625,265.3599853515625,24183
2021-08-30 13:57:00-04:00,265.4100036621094,265.4599914550781,265.3399963378906,265.3500061035156,265.3500061035156,7293
2021-08-30 13:58:00-04:00,265.34051513671875,265.3999938964844,265.25,265.3599853515625,265.3599853515625,12193
2021-08-30 13:59:00-04:00,265.3299865722656,265.4100036621094,265.2900085449219,265.2950134277344,265.2950134277344,6502
2021-08-30 14:00:00-04:00,265.3399963378906,265.3599853515625,265.1700134277344,265.2149963378906,265.2149963378906,16920
2021-08-30 14:01:00-04:00,265.1400146484375,265.1700134277344,265.1300048828125,265.1300048828125,265.1300048828125,16842
2021-08-30 14:02:00-04:00,265.1499938964844,265.1700134277344,265.07000732421875,265.0799865722656,265.0799865722656,11183
2021-08-30 14:03:00-04:00,265.0849914550781,265.1199951171875,265.0450134277344,265.1000061035156,265.1000061035156,10166
2021-08-30 14:04:00-04:00,265.0799865722656,265.0809936523437,265.0199890136719,265.0400085449219,265.0400085449219,11103
2021-08-30 14:05:00-04:00,265.07000732421875,265.2200012207031,265.07000732421875,265.1499938964844,265.1499938964844,9053
2021-08-30 14:06:00-04:00,265.1300048828125,265.20001220703125,265.1000061035156,265.20001220703125,265.20001220703125,10747
2021-08-30 14:07:00-04:00,265.1700134277344,265.2900085449219,265.0899963378906,265.2300109863281,265.2300109863281,15308
2021-08-30 14:08:00-04:00,265.239990234375,265.3900146484375,265.2099914550781,265.3689880371094,265.3689880371094,9152
2021-08-30 14:09:00-04:00,265.3924865722656,265.54998779296875,265.3924865722656,265.5400085449219,265.5400085449219,13481
2021-08-30 14:10:00-04:00,265.5599975585937,265.6299133300781,265.54998779296875,265.6000061035156,265.6000061035156,12783
2021-08-30 14:11:00-04:00,265.6199951171875,265.7049865722656,265.6099853515625,265.67999267578125,265.67999267578125,14800
2021-08-30 14:12:00-04:00,265.69000244140625,265.7850036621094,265.6700134277344,265.739990234375,265.739990234375,12176
2021-08-30 14:13:00-04:00,265.7250061035156,265.8800048828125,265.6300048828125,265.8800048828125,265.8800048828125,24516
2021-08-30 14:14:00-04:00,265.8800048828125,265.92999267578125,265.82000732421875,265.8550109863281,265.8550109863281,10109
2021-08-30 14:15:00-04:00,265.8299865722656,265.8399963378906,265.6600036621094,265.67999267578125,265.67999267578125,16410
2021-08-30 14:16:00-04:00,265.69000244140625,265.8092041015625,265.5799865722656,265.6300048828125,265.6300048828125,11500
2021-08-30 14:17:00-04:00,265.6400146484375,265.8599853515625,265.6400146484375,265.8599853515625,265.8599853515625,7592
2021-08-30 14:18:00-04:00,265.8599853515625,265.9200134277344,265.79998779296875,265.9049987792969,265.9049987792969,8495
2021-08-30 14:19:00-04:00,265.9049987792969,265.9150085449219,265.7200012207031,265.760009765625,265.760009765625,7295
2021-08-30 14:20:00-04:00,265.75,265.7799987792969,265.68499755859375,265.7550048828125,265.7550048828125,6266
2021-08-30 14:21:00-04:00,265.70001220703125,265.82000732421875,265.69000244140625,265.75,265.75,12189
2021-08-30 14:22:00-04:00,265.76129150390625,265.7900085449219,265.7099914550781,265.7200012207031,265.7200012207031,11844
2021-08-30 14:23:00-04:00,265.739990234375,265.760009765625,265.7099914550781,265.75,265.75,5621
2021-08-30 14:24:00-04:00,265.7300109863281,265.875,265.7200012207031,265.8099975585937,265.8099975585937,9697
2021-08-30 14:25:00-04:00,265.7900085449219,265.82000732421875,265.760009765625,265.7806091308594,265.7806091308594,5314
2021-08-30 14:26:00-04:00,265.760009765625,265.760009765625,265.6400146484375,265.760009765625,265.760009765625,12382
2021-08-30 14:27:00-04:00,265.7699890136719,265.7699890136719,265.5899963378906,265.5899963378906,265.5899963378906,9463
2021-08-30 14:28:00-04:00,265.5799865722656,265.6300048828125,265.5,265.5,265.5,11133
2021-08-30 14:29:00-04:00,265.54998779296875,265.57000732421875,265.4700012207031,265.4800109863281,265.4800109863281,10267
2021-08-30 14:30:00-04:00,265.4949951171875,265.6278991699219,265.4599914550781,265.6099853515625,265.6099853515625,6296
2021-08-30 14:31:00-04:00,265.5899963378906,265.6099853515625,265.5,265.54998779296875,265.54998779296875,11155
2021-08-30 14:32:00-04:00,265.5849914550781,265.67999267578125,265.5849914550781,265.6600036621094,265.6600036621094,5098
2021-08-30 14:33:00-04:00,265.6700134277344,265.6700134277344,265.5199890136719,265.5199890136719,265.5199890136719,10842
2021-08-30 14:34:00-04:00,265.5199890136719,265.5299987792969,265.4750061035156,265.489990234375,265.489990234375,7011
2021-08-30 14:35:00-04:00,265.4800109863281,265.5199890136719,265.4599914550781,265.4949951171875,265.4949951171875,8440
2021-08-30 14:36:00-04:00,265.4977111816406,265.54998779296875,265.42999267578125,265.42999267578125,265.42999267578125,12059
2021-08-30 14:37:00-04:00,265.4800109863281,265.4800109863281,265.3399963378906,265.4200134277344,265.4200134277344,12240
2021-08-30 14:38:00-04:00,265.44000244140625,265.4599914550781,265.3999938964844,265.45001220703125,265.45001220703125,8890
2021-08-30 14:39:00-04:00,265.45001220703125,265.452392578125,265.2099914550781,265.2300109863281,265.2300109863281,14644
2021-08-30 14:40:00-04:00,265.25,265.3699951171875,265.2394104003906,265.3599853515625,265.3599853515625,9728
2021-08-30 14:41:00-04:00,265.3500061035156,265.3500061035156,265.2650146484375,265.3399963378906,265.3399963378906,10087
2021-08-30 14:42:00-04:00,265.3500061035156,265.3699951171875,265.30999755859375,265.32501220703125,265.32501220703125,6996
2021-08-30 14:43:00-04:00,265.3299865722656,265.44500732421875,265.30999755859375,265.3800048828125,265.3800048828125,13820
2021-08-30 14:44:00-04:00,265.375,265.4399108886719,265.3599853515625,265.4100036621094,265.4100036621094,6009
2021-08-30 14:45:00-04:00,265.4049987792969,265.510009765625,265.3800048828125,265.4599914550781,265.4599914550781,8410
2021-08-30 14:46:00-04:00,265.45001220703125,265.489990234375,265.3887939453125,265.42999267578125,265.42999267578125,8632
2021-08-30 14:47:00-04:00,265.4223937988281,265.5400085449219,265.4100036621094,265.5,265.5,10452
2021-08-30 14:48:00-04:00,265.5,265.5899963378906,265.4700012207031,265.55999755859375,265.55999755859375,7377
2021-08-30 14:49:00-04:00,265.6000061035156,265.7099914550781,265.5899963378906,265.7099914550781,265.7099914550781,10489
2021-08-30 14:50:00-04:00,265.67999267578125,265.69500732421875,265.5906066894531,265.5906066894531,265.5906066894531,8586
2021-08-30 14:51:00-04:00,265.6300048828125,265.69000244140625,265.5899963378906,265.6000061035156,265.6000061035156,8249
2021-08-30 14:52:00-04:00,265.5899963378906,265.7099914550781,265.5899963378906,265.67999267578125,265.67999267578125,8250
2021-08-30 14:53:00-04:00,265.6849975585937,265.7900085449219,265.6849975585937,265.739990234375,265.739990234375,8327
2021-08-30 14:54:00-04:00,265.739990234375,265.8699951171875,265.71099853515625,265.7799987792969,265.7799987792969,24755
2021-08-30 14:55:00-04:00,265.7850036621094,265.82000732421875,265.739990234375,265.79998779296875,265.79998779296875,6944
2021-08-30 14:56:00-04:00,265.82000732421875,265.92999267578125,265.7850036621094,265.92999267578125,265.92999267578125,9531
2021-08-30 14:57:00-04:00,265.9100036621094,266.03369140625,265.9100036621094,266.0,266.0,11405
2021-08-30 14:58:00-04:00,265.989990234375,266.1000061035156,265.9700012207031,266.0199890136719,266.0199890136719,10290
2021-08-30 14:59:00-04:00,266.0199890136719,266.1000061035156,265.95001220703125,266.010009765625,266.010009765625,13025
2021-08-30 15:00:00-04:00,266.010009765625,266.0400085449219,265.9700012207031,265.9700012207031,265.9700012207031,9682
2021-08-30 15:01:00-04:00,265.9800109863281,265.989990234375,265.864990234375,265.94000244140625,265.94000244140625,13497
2021-08-30 15:02:00-04:00,265.95001220703125,265.95001220703125,265.7799987792969,265.8399963378906,265.8399963378906,9829
2021-08-30 15:03:00-04:00,265.82000732421875,265.8450012207031,265.7900085449219,265.7900085449219,265.7900085449219,7138
2021-08-30 15:04:00-04:00,265.80169677734375,265.8299865722656,265.625,265.625,265.625,9179
2021-08-30 15:05:00-04:00,265.625,265.7799072265625,265.625,265.7300109863281,265.7300109863281,11226
2021-08-30 15:06:00-04:00,265.7200012207031,265.7300109863281,265.67010498046875,265.67999267578125,265.67999267578125,18209
2021-08-30 15:07:00-04:00,265.67498779296875,265.70001220703125,265.6099853515625,265.69000244140625,265.69000244140625,8212
2021-08-30 15:08:00-04:00,265.6549987792969,265.7300109863281,265.6499938964844,265.6700134277344,265.6700134277344,7844
2021-08-30 15:09:00-04:00,265.6700134277344,265.70001220703125,265.6449890136719,265.70001220703125,265.70001220703125,7974
2021-08-30 15:10:00-04:00,265.7099914550781,265.815185546875,265.6849975585937,265.81500244140625,265.81500244140625,13748
2021-08-30 15:11:00-04:00,265.8078918457031,265.94000244140625,265.8078918457031,265.9389953613281,265.9389953613281,12404
2021-08-30 15:12:00-04:00,265.9599914550781,265.9700012207031,265.8550109863281,265.8550109863281,265.8550109863281,6902
2021-08-30 15:13:00-04:00,265.8399963378906,265.8500061035156,265.7349853515625,265.760009765625,265.760009765625,9698
2021-08-30 15:14:00-04:00,265.7799987792969,265.8299865722656,265.7300109863281,265.7699890136719,265.7699890136719,8267
2021-08-30 15:15:00-04:00,265.760009765625,265.8599853515625,265.739990234375,265.8599853515625,265.8599853515625,7855
2021-08-30 15:16:00-04:00,265.8699951171875,265.8900146484375,265.5299987792969,265.6300048828125,265.6300048828125,39667
2021-08-30 15:17:00-04:00,265.6600036621094,265.8599853515625,265.6499938964844,265.7200012207031,265.7200012207031,24604
2021-08-30 15:18:00-04:00,265.7699890136719,265.7699890136719,265.57000732421875,265.6099853515625,265.6099853515625,10026
2021-08-30 15:19:00-04:00,265.6199951171875,265.6199951171875,265.5299987792969,265.5599975585937,265.5599975585937,10182
2021-08-30 15:20:00-04:00,265.5599975585937,265.64898681640625,265.5,265.60040283203125,265.60040283203125,17309
2021-08-30 15:21:00-04:00,265.6000061035156,265.6099853515625,265.5400085449219,265.57000732421875,265.57000732421875,8722
2021-08-30 15:22:00-04:00,265.5950012207031,265.67999267578125,265.489990234375,265.5,265.5,13621
2021-08-30 15:23:00-04:00,265.510009765625,265.6300048828125,265.4700012207031,265.5400085449219,265.5400085449219,14712
2021-08-30 15:24:00-04:00,265.54620361328125,265.5899963378906,265.5450134277344,265.57000732421875,265.57000732421875,9576
2021-08-30 15:25:00-04:00,265.5799865722656,265.5899963378906,265.54998779296875,265.57000732421875,265.57000732421875,8510
2021-08-30 15:26:00-04:00,265.57000732421875,265.57000732421875,265.510009765625,265.5199890136719,265.5199890136719,8893
2021-08-30 15:27:00-04:00,265.5249938964844,265.57000732421875,265.4700012207031,265.4700012207031,265.4700012207031,10817
2021-08-30 15:28:00-04:00,265.4599914550781,265.510009765625,265.4599914550781,265.4859924316406,265.4859924316406,7469
2021-08-30 15:29:00-04:00,265.489990234375,265.5299987792969,265.4800109863281,265.4823913574219,265.4823913574219,8289
2021-08-30 15:30:00-04:00,265.4849853515625,265.497314453125,265.3599853515625,265.42498779296875,265.42498779296875,16830
2021-08-30 15:31:00-04:00,265.42999267578125,265.489990234375,265.3800048828125,265.489990234375,265.489990234375,14112
2021-08-30 15:32:00-04:00,265.489990234375,265.5199890136719,265.42999267578125,265.44500732421875,265.44500732421875,16739
2021-08-30 15:33:00-04:00,265.44000244140625,265.4599914550781,265.3800048828125,265.43499755859375,265.43499755859375,10618
2021-08-30 15:34:00-04:00,265.4599914550781,265.5599975585937,265.4599914550781,265.4679870605469,265.4679870605469,13408
2021-08-30 15:35:00-04:00,265.4750061035156,265.54998779296875,265.4599914550781,265.54998779296875,265.54998779296875,10394
2021-08-30 15:36:00-04:00,265.54998779296875,265.6300048828125,265.4700012207031,265.4700012207031,265.4700012207031,16638
2021-08-30 15:37:00-04:00,265.4599914550781,265.5299987792969,265.3900146484375,265.4100036621094,265.4100036621094,29284
2021-08-30 15:38:00-04:00,265.3900146484375,265.3900146484375,265.29998779296875,265.3349914550781,265.3349914550781,17483
2021-08-30 15:39:00-04:00,265.3290100097656,265.4100036621094,265.32000732421875,265.3599853515625,265.3599853515625,16433
2021-08-30 15:40:00-04:00,265.3699951171875,265.6050109863281,265.3399963378906,265.5799865722656,265.5799865722656,25223
2021-08-30 15:41:00-04:00,265.5899963378906,265.6050109863281,265.42498779296875,265.44000244140625,265.44000244140625,13858
2021-08-30 15:42:00-04:00,265.4200134277344,265.4200134277344,265.2900085449219,265.2950134277344,265.2950134277344,18291
2021-08-30 15:43:00-04:00,265.2900085449219,265.3399963378906,265.2300109863281,265.2699890136719,265.2699890136719,10735
2021-08-30 15:44:00-04:00,265.2699890136719,265.32501220703125,265.1849975585937,265.2300109863281,265.2300109863281,15471
2021-08-30 15:45:00-04:00,265.2200012207031,265.2900085449219,265.2149963378906,265.2250061035156,265.2250061035156,14761
2021-08-30 15:46:00-04:00,265.2200012207031,265.2300109863281,265.17999267578125,265.19940185546875,265.19940185546875,16404
2021-08-30 15:47:00-04:00,265.20001220703125,265.2699890136719,265.19000244140625,265.25,265.25,20069
2021-08-30 15:48:00-04:00,265.239990234375,265.2799987792969,265.1600036621094,265.2200012207031,265.2200012207031,20645
2021-08-30 15:49:00-04:00,265.2200012207031,265.3699951171875,265.2200012207031,265.3599853515625,265.3599853515625,18509
2021-08-30 15:50:00-04:00,265.3399963378906,265.3599853515625,265.1300048828125,265.17999267578125,265.17999267578125,34254
2021-08-30 15:51:00-04:00,265.1600036621094,265.25,265.1099853515625,265.1449890136719,265.1449890136719,25410
2021-08-30 15:52:00-04:00,265.1499938964844,265.19000244140625,265.1300048828125,265.17999267578125,265.17999267578125,19778
2021-08-30 15:53:00-04:00,265.17999267578125,265.2699890136719,265.1400146484375,265.1400146484375,265.1400146484375,20448
2021-08-30 15:54:00-04:00,265.1600036621094,265.2300109863281,265.1499938964844,265.1889953613281,265.1889953613281,29675
2021-08-30 15:55:00-04:00,265.20001220703125,265.2300109863281,265.0199890136719,265.0400085449219,265.0400085449219,33677
2021-08-30 15:56:00-04:00,265.0299987792969,265.1000061035156,264.9700012207031,264.9700012207031,264.9700012207031,49187
2021-08-30 15:57:00-04:00,264.9700012207031,265.0199890136719,264.94000244140625,264.95001220703125,264.95001220703125,37984
2021-08-30 15:58:00-04:00,264.9599914550781,265.0299987792969,264.8999938964844,264.9100036621094,264.9100036621094,45601
2021-08-30 15:59:00-04:00,264.8999938964844,265.0,264.8699951171875,265.0,265.0,87350
2021-08-30 16:00:00-04:00,264.97,265.55,264.97,264.97,264.97,297113
2021-08-30 16:01:00-04:00,265.0,265.54,264.97,264.97,264.97,0
2021-08-30 16:02:00-04:00,265.27,265.27,264.97,264.97,264.97,0
2021-08-30 16:03:00-04:00,265.17,265.17,264.53,265.035,265.035,0
2021-08-30 16:05:00-04:00,265.0,265.0,264.89,264.89,264.89,0
2021-08-30 16:06:00-04:00,264.97,265.53,264.97,265.53,265.53,0
2021-08-30 16:07:00-04:00,265.0,265.0,265.0,265.0,265.0,0
2021-08-30 16:09:00-04:00,264.89,265.24,264.89,265.24,265.24,0
2021-08-30 16:10:00-04:00,264.97,264.97,264.97,264.97,264.97,0
2021-08-30 16:11:00-04:00,264.9,265.05,264.89,264.89,264.89,0
2021-08-30 16:12:00-04:00,264.75,264.8,264.75,264.75,264.75,0
2021-08-30 16:13:00-04:00,264.97,265.19,264.97,265.19,265.19,0
2021-08-30 16:14:00-04:00,265.19,265.19,265.0,265.08,265.08,0
2021-08-30 16:18:00-04:00,265.18,265.18,265.18,265.18,265.18,0
2021-08-30 16:20:00-04:00,265.0,265.04,264.97,265.04,265.04,0
2021-08-30 16:21:00-04:00,264.98,264.98,264.98,264.98,264.98,0
2021-08-30 16:22:00-04:00,264.98,264.98,264.97,264.97,264.97,0
2021-08-30 16:23:00-04:00,265.0,265.0,264.97,264.97,264.97,0
2021-08-30 16:24:00-04:00,265.0,265.16,265.0,265.16,265.16,0
2021-08-30 16:25:00-04:00,265.065,265.065,264.97,264.97,264.97,0
2021-08-30 16:26:00-04:00,264.97,265.16,264.97,264.97,264.97,0
2021-08-30 16:28:00-04:00,265.065,265.065,264.97,265.065,265.065,0
2021-08-30 16:29:00-04:00,265.0,265.065,264.98,264.98,264.98,0
2021-08-30 16:30:00-04:00,264.985,264.99,264.985,264.99,264.99,0
2021-08-30 16:31:00-04:00,264.985,264.99,264.97,264.97,264.97,0
2021-08-30 16:32:00-04:00,264.985,264.985,264.985,264.985,264.985,0
2021-08-30 16:33:00-04:00,264.97,264.97,264.96,264.97,264.97,0
2021-08-30 16:34:00-04:00,264.75,264.75,264.75,264.75,264.75,0
2021-08-30 16:35:00-04:00,265.0,265.0,264.75,264.875,264.875,0
2021-08-30 16:36:00-04:00,264.75,264.9,264.75,264.9,264.9,0
2021-08-30 16:37:00-04:00,264.875,264.97,264.875,264.97,264.97,0
2021-08-30 16:38:00-04:00,264.9,264.9,264.9,264.9,264.9,0
2021-08-30 16:39:00-04:00,264.96,264.96,264.75,264.75,264.75,0
2021-08-30 16:40:00-04:00,264.96,264.96,264.875,264.875,264.875,0
2021-08-30 16:41:00-04:00,264.97,264.97,264.875,264.97,264.97,0
2021-08-30 16:42:00-04:00,264.97,265.0,264.96,265.0,265.0,0
2021-08-30 16:43:00-04:00,264.97,265.0,264.97,265.0,265.0,0
2021-08-30 16:45:00-04:00,264.875,264.88,264.875,264.88,264.88,0
2021-08-30 16:50:00-04:00,264.77,264.875,264.77,264.77,264.77,0
2021-08-30 16:51:00-04:00,264.77,264.77,264.75,264.75,264.75,0
2021-08-30 16:53:00-04:00,265.0,265.0,264.9,264.97,264.97,0
2021-08-30 16:56:00-04:00,264.97,264.97,264.9,264.9,264.9,0
2021-08-30 16:57:00-04:00,264.8,264.875,264.8,264.875,264.875,0
2021-08-30 16:58:00-04:00,264.8,264.8,264.8,264.8,264.8,0
2021-08-30 16:59:00-04:00,264.75,264.81,264.75,264.8,264.8,0
2021-08-30 17:00:00-04:00,264.8,264.9,264.8,264.9,264.9,0
2021-08-30 17:01:00-04:00,264.77,264.825,264.77,264.825,264.825,0
2021-08-30 17:04:00-04:00,264.95,265.0,264.95,265.0,265.0,0
2021-08-30 17:06:00-04:00,264.95,264.95,264.95,264.95,264.95,0
2021-08-30 17:07:00-04:00,264.9,264.95,264.9,264.9,264.9,0
2021-08-30 17:09:00-04:00,264.9,265.01,264.9,264.95,264.95,0
2021-08-30 17:10:00-04:00,264.95,264.97,264.935,264.97,264.97,0
2021-08-30 17:14:00-04:00,265.01,265.01,265.01,265.01,265.01,0
2021-08-30 17:16:00-04:00,264.96,264.96,264.96,264.96,264.96,0
2021-08-30 17:20:00-04:00,265.01,265.01,264.96,265.0,265.0,0
2021-08-30 17:23:00-04:00,264.96,265.0,264.9,264.9,264.9,0
2021-08-30 17:27:00-04:00,264.91,264.91,264.91,264.91,264.91,0
2021-08-30 17:34:00-04:00,265.02,265.02,265.02,265.02,265.02,0
2021-08-30 17:37:00-04:00,264.97,264.97,264.91,264.91,264.91,0
2021-08-30 17:38:00-04:00,264.9599,264.9599,264.9599,264.9599,264.9599,0
2021-08-30 17:39:00-04:00,264.91,264.96,264.9,264.93,264.93,0
2021-08-30 17:41:00-04:00,264.93,264.96,264.93,264.96,264.96,0
2021-08-30 17:42:00-04:00,264.91,264.96,264.91,264.96,264.96,0
2021-08-30 17:44:00-04:00,264.91,264.96,264.9,264.96,264.96,0
2021-08-30 17:45:00-04:00,264.965,264.965,264.965,264.965,264.965,0
2021-08-30 17:47:00-04:00,264.95,264.98,264.95,264.98,264.98,0
2021-08-30 17:48:00-04:00,264.96,264.96,264.9,264.9,264.9,0
2021-08-30 17:49:00-04:00,264.85,264.85,264.75,264.75,264.75,0
2021-08-30 17:51:00-04:00,264.76,264.855,264.76,264.855,264.855,0
2021-08-30 17:54:00-04:00,264.855,264.855,264.855,264.855,264.855,0
2021-08-30 17:55:00-04:00,264.76,264.76,264.76,264.76,264.76,0
2021-08-30 17:57:00-04:00,264.9,264.96,264.9,264.96,264.96,0
2021-08-30 17:59:00-04:00,264.9,264.9,264.76,264.76,264.76,0
2021-08-30 18:12:00-04:00,264.76,265.02,264.75,265.02,265.02,0
2021-08-30 18:25:00-04:00,265.13,265.13,264.8,264.97,264.97,0
2021-08-30 18:26:00-04:00,265.0,265.0,264.9,264.98,264.98,0
2021-08-30 18:38:00-04:00,264.81,264.81,264.81,264.81,264.81,0
2021-08-30 18:43:00-04:00,265.1,265.1,265.1,265.1,265.1,0
2021-08-30 18:45:00-04:00,265.17,265.17,265.17,265.17,265.17,0
2021-08-30 18:48:00-04:00,265.1,265.11,265.05,265.05,265.05,0
2021-08-30 18:51:00-04:00,265.05,265.05,265.05,265.05,265.05,0
2021-08-30 18:53:00-04:00,265.05,265.15,265.05,265.15,265.15,0
2021-08-30 19:02:00-04:00,265.15,265.15,265.15,265.15,265.15,0
2021-08-30 19:11:00-04:00,265.15,265.15,265.1,265.1,265.1,0
2021-08-30 19:15:00-04:00,265.1,265.1,265.0,265.0,265.0,0
2021-08-30 19:34:00-04:00,265.0,265.15,265.0,265.15,265.15,0
2021-08-30 19:39:00-04:00,265.14,265.14,265.14,265.14,265.14,0
2021-08-30 19:45:00-04:00,265.1,265.1,265.05,265.05,265.05,0
2021-08-30 19:49:00-04:00,265.07,265.07,265.07,265.07,265.07,0
2021-08-30 19:51:00-04:00,265.0,265.0,264.95,264.95,264.95,0
2021-08-30 19:52:00-04:00,264.98,265.0,264.95,264.95,264.95,0
2021-08-30 19:59:00-04:00,265.0,265.0,264.9,264.9,264.9,0
