Datetime,Open,High,Low,Close,Adj Close,Volume
2022-05-26 04:00:00-04:00,198.86,199.21,198.86,199.21,199.21,0.0
2022-05-26 04:30:00-04:00,199.7,199.75,199.7,199.75,199.75,0.0
2022-05-26 04:46:00-04:00,198.7,198.7,198.7,198.7,198.7,0.0
2022-05-26 07:00:00-04:00,199.5,200.0,199.3,199.3,199.3,0.0
2022-05-26 07:06:00-04:00,199.4,199.4,199.4,199.4,199.4,0.0
2022-05-26 07:12:00-04:00,199.0,199.0,198.86,198.86,198.86,0.0
2022-05-26 07:14:00-04:00,199.7,199.8,199.7,199.8,199.8,0.0
2022-05-26 07:16:00-04:00,199.91,199.91,199.91,199.91,199.91,0.0
2022-05-26 07:18:00-04:00,199.43,199.43,199.43,199.43,199.43,0.0
2022-05-26 07:20:00-04:00,199.43,200.02,199.43,200.02,200.02,0.0
2022-05-26 07:28:00-04:00,200.27,200.27,200.27,200.27,200.27,0.0
2022-05-26 07:32:00-04:00,199.64,199.64,199.64,199.64,199.64,0.0
2022-05-26 07:40:00-04:00,200.5,200.5,200.5,200.5,200.5,0.0
2022-05-26 07:44:00-04:00,200.0,200.0,200.0,200.0,200.0,0.0
2022-05-26 07:50:00-04:00,200.68,200.76,200.68,200.76,200.76,0.0
2022-05-26 07:56:00-04:00,200.16,200.16,200.16,200.16,200.16,0.0
2022-05-26 08:00:00-04:00,199.9998,201.0,198.92,200.98,200.98,0.0
2022-05-26 08:02:00-04:00,200.9788,200.9788,200.0,200.0,200.0,0.0
2022-05-26 08:04:00-04:00,200.43,200.43,199.68,199.68,199.68,0.0
2022-05-26 08:08:00-04:00,199.9,200.0,199.9,200.0,200.0,0.0
2022-05-26 08:12:00-04:00,200.0,200.28,200.0,200.28,200.28,0.0
2022-05-26 08:16:00-04:00,199.93,200.1488,199.93,200.1488,200.1488,0.0
2022-05-26 08:18:00-04:00,200.0,200.0,199.98,199.98,199.98,0.0
2022-05-26 08:20:00-04:00,199.66,199.67,199.66,199.67,199.67,0.0
2022-05-26 08:22:00-04:00,199.8,199.8,199.8,199.8,199.8,0.0
2022-05-26 08:24:00-04:00,200.24,200.24,200.24,200.24,200.24,0.0
2022-05-26 08:26:00-04:00,199.66,199.66,199.5067,199.5067,199.5067,0.0
2022-05-26 08:28:00-04:00,200.2388,200.2388,200.2388,200.2388,200.2388,0.0
2022-05-26 08:30:00-04:00,199.6,200.77,199.6,200.77,200.77,0.0
2022-05-26 08:34:00-04:00,199.98,199.98,199.4,199.4,199.4,0.0
2022-05-26 08:36:00-04:00,199.87,200.14,199.87,200.14,200.14,0.0
2022-05-26 08:46:00-04:00,200.0,200.0,198.86,200.0,200.0,0.0
2022-05-26 08:48:00-04:00,200.14,200.24,200.14,200.24,200.24,0.0
2022-05-26 08:50:00-04:00,200.02,200.24,200.02,200.24,200.24,0.0
2022-05-26 08:52:00-04:00,200.02,200.24,200.02,200.07,200.07,0.0
2022-05-26 08:56:00-04:00,200.39,200.39,199.795,199.795,199.795,0.0
2022-05-26 09:02:00-04:00,199.96,200.0933,199.96,200.0933,200.0933,0.0
2022-05-26 09:06:00-04:00,199.96,199.96,199.96,199.96,199.96,0.0
2022-05-26 09:10:00-04:00,199.88,199.96,199.88,199.96,199.96,0.0
2022-05-26 09:12:00-04:00,199.84,200.0,199.5341,200.0,200.0,0.0
2022-05-26 09:14:00-04:00,199.4912,199.96,199.4912,199.96,199.96,0.0
2022-05-26 09:30:00-04:00,199.39999389648438,199.77000427246094,199.3699951171875,199.75999450683594,199.75999450683594,90270.0
2022-05-26 09:32:00-04:00,199.80499267578125,200.1000061035156,199.7899932861328,200.00999450683597,200.00999450683597,42058.0
2022-05-26 09:34:00-04:00,200.07000732421875,200.4792938232422,200.0500030517578,200.4792938232422,200.4792938232422,19594.0
2022-05-26 09:36:00-04:00,200.44500732421875,200.57989501953125,200.3500061035156,200.509994506836,200.509994506836,65175.0
2022-05-26 09:38:00-04:00,200.5449981689453,200.9900054931641,200.5449981689453,200.759994506836,200.759994506836,14965.0
2022-05-26 09:40:00-04:00,200.75,200.83999633789065,200.6352996826172,200.6352996826172,200.6352996826172,20204.0
2022-05-26 09:42:00-04:00,200.7299041748047,201.16949462890625,200.7032012939453,200.9199981689453,200.9199981689453,19062.0
2022-05-26 09:44:00-04:00,200.92999267578125,201.009994506836,200.67999267578125,200.79660034179688,200.79660034179688,19686.0
2022-05-26 09:46:00-04:00,200.7610015869141,201.1199951171875,200.759994506836,201.1150054931641,201.1150054931641,17847.0
2022-05-26 09:48:00-04:00,201.17919921875,201.2041931152344,201.08999633789065,201.13999938964844,201.13999938964844,11743.0
2022-05-26 09:50:00-04:00,201.13999938964844,201.3572998046875,201.08999633789065,201.34500122070312,201.34500122070312,11796.0
2022-05-26 09:52:00-04:00,201.37989807128906,201.55499267578125,201.35000610351562,201.43960571289062,201.43960571289062,14016.0
2022-05-26 09:54:00-04:00,201.5299072265625,201.5299072265625,201.29010009765625,201.3800048828125,201.3800048828125,13718.0
2022-05-26 09:56:00-04:00,201.3800048828125,201.61000061035156,201.3800048828125,201.4600067138672,201.4600067138672,58441.0
2022-05-26 09:58:00-04:00,201.4499969482422,201.6300048828125,201.4199981689453,201.47000122070312,201.47000122070312,51245.0
2022-05-26 10:00:00-04:00,201.52999877929688,201.7100067138672,201.4600067138672,201.60499572753906,201.60499572753906,58013.0
2022-05-26 10:02:00-04:00,201.63999938964844,201.66000366210932,201.44500732421875,201.57000732421875,201.57000732421875,20585.0
2022-05-26 10:04:00-04:00,201.5800018310547,201.6300048828125,201.38999938964844,201.6300048828125,201.6300048828125,35421.0
2022-05-26 10:06:00-04:00,201.63999938964844,201.76499938964844,201.5800018310547,201.5800018310547,201.5800018310547,39527.0
2022-05-26 10:08:00-04:00,201.60000610351562,201.74000549316406,201.5850067138672,201.64999389648438,201.64999389648438,37140.0
2022-05-26 10:10:00-04:00,201.63999938964844,201.67999267578125,201.4499969482422,201.6499938964844,201.6499938964844,35484.0
2022-05-26 10:12:00-04:00,201.67999267578125,201.93829345703125,201.66000366210935,201.88999938964844,201.88999938964844,43734.0
2022-05-26 10:14:00-04:00,201.88999938964844,202.05990600585932,201.8600006103516,202.0399932861328,202.0399932861328,33208.0
2022-05-26 10:16:00-04:00,202.07000732421875,202.08999633789065,201.9900054931641,202.0,202.0,28401.0
2022-05-26 10:18:00-04:00,202.01910400390625,202.1499938964844,201.94000244140625,202.1499938964844,202.1499938964844,29459.0
2022-05-26 10:20:00-04:00,202.1699981689453,202.1999969482422,202.009994506836,202.1000061035156,202.1000061035156,27174.0
2022-05-26 10:22:00-04:00,202.1300048828125,202.31700134277344,202.11000061035156,202.16810607910156,202.16810607910156,17180.0
2022-05-26 10:24:00-04:00,202.22999572753906,202.24099731445312,202.07000732421875,202.07000732421875,202.07000732421875,13271.0
2022-05-26 10:26:00-04:00,202.10000610351562,202.13999938964844,202.0438995361328,202.089599609375,202.089599609375,18552.0
2022-05-26 10:28:00-04:00,202.1000061035156,202.1000061035156,201.8699951171875,201.8800048828125,201.8800048828125,12141.0
2022-05-26 10:30:00-04:00,201.88999938964844,201.9958953857422,201.8000030517578,201.88999938964844,201.88999938964844,13618.0
2022-05-26 10:32:00-04:00,201.8350067138672,201.8999938964844,201.69259643554688,201.69259643554688,201.69259643554688,42069.0
2022-05-26 10:34:00-04:00,201.7100067138672,201.93609619140625,201.66000366210938,201.92840576171875,201.92840576171875,19251.0
2022-05-26 10:36:00-04:00,202.0,202.02999877929688,201.88499450683597,201.96499633789065,201.96499633789065,23820.0
2022-05-26 10:38:00-04:00,201.93499755859375,202.05499267578125,201.9250030517578,202.02499389648438,202.02499389648438,11608.0
2022-05-26 10:40:00-04:00,202.0489044189453,202.09500122070312,201.90499877929688,202.0449981689453,202.0449981689453,11943.0
2022-05-26 10:42:00-04:00,201.9279937744141,201.9900054931641,201.8748016357422,201.97999572753903,201.97999572753903,15050.0
2022-05-26 10:44:00-04:00,201.9600067138672,202.00999450683594,201.77000427246094,201.77000427246094,201.77000427246094,9906.0
2022-05-26 10:46:00-04:00,201.7872009277344,202.009994506836,201.7872009277344,201.90499877929688,201.90499877929688,10143.0
2022-05-26 10:48:00-04:00,201.93780517578125,202.07000732421875,201.93780517578125,202.0269012451172,202.0269012451172,15931.0
2022-05-26 10:50:00-04:00,202.06500244140625,202.2198028564453,202.06500244140625,202.2100067138672,202.2100067138672,20017.0
2022-05-26 10:52:00-04:00,202.18299865722656,202.1999969482422,202.08999633789065,202.1199951171875,202.1199951171875,14357.0
2022-05-26 10:54:00-04:00,202.0749969482422,202.1300048828125,202.02999877929688,202.1000061035156,202.1000061035156,18062.0
2022-05-26 10:56:00-04:00,202.1199951171875,202.19500732421875,202.0749969482422,202.13499450683594,202.13499450683594,10670.0
2022-05-26 10:58:00-04:00,202.134994506836,202.27999877929688,202.08999633789065,202.2700042724609,202.2700042724609,17388.0
2022-05-26 11:00:00-04:00,202.27000427246094,202.47000122070312,202.2122039794922,202.4600067138672,202.4600067138672,26739.0
2022-05-26 11:02:00-04:00,202.42999267578125,202.5,202.42999267578125,202.4850006103516,202.4850006103516,17428.0
2022-05-26 11:04:00-04:00,202.50999450683597,202.6000061035156,202.4499969482422,202.4600067138672,202.4600067138672,17498.0
2022-05-26 11:06:00-04:00,202.4600067138672,202.50999450683597,202.4600067138672,202.47000122070312,202.47000122070312,7410.0
2022-05-26 11:08:00-04:00,202.48779296875,202.52999877929688,202.44500732421875,202.46499633789065,202.46499633789065,11628.0
2022-05-26 11:10:00-04:00,202.47999572753906,202.49400329589844,202.4600067138672,202.4853973388672,202.4853973388672,11942.0
2022-05-26 11:12:00-04:00,202.46060180664062,202.5449981689453,202.42080688476562,202.5449981689453,202.5449981689453,10085.0
2022-05-26 11:14:00-04:00,202.55409240722656,202.63999938964844,202.5200042724609,202.61990356445312,202.61990356445312,11346.0
2022-05-26 11:16:00-04:00,202.60000610351562,202.67730712890625,202.53529357910156,202.60000610351562,202.60000610351562,14620.0
2022-05-26 11:18:00-04:00,202.59500122070312,202.59500122070312,202.5,202.55999755859375,202.55999755859375,10343.0
2022-05-26 11:20:00-04:00,202.52000427246094,202.7100067138672,202.4822998046875,202.59500122070312,202.59500122070312,12715.0
2022-05-26 11:22:00-04:00,202.57000732421875,202.57000732421875,202.39999389648438,202.55999755859375,202.55999755859375,15636.0
2022-05-26 11:24:00-04:00,202.5532073974609,202.6396942138672,202.5034027099609,202.5500030517578,202.5500030517578,21604.0
2022-05-26 11:26:00-04:00,202.52000427246094,202.52000427246094,202.39010620117188,202.39199829101562,202.39199829101562,15336.0
2022-05-26 11:28:00-04:00,202.4199981689453,202.44000244140625,202.3300018310547,202.3800048828125,202.3800048828125,8019.0
2022-05-26 11:30:00-04:00,202.41000366210932,202.6096954345703,202.3513946533203,202.5,202.5,14509.0
2022-05-26 11:32:00-04:00,202.4949951171875,202.5249938964844,202.25,202.25,202.25,27056.0
2022-05-26 11:34:00-04:00,202.29319763183594,202.29319763183594,202.14599609375,202.22999572753906,202.22999572753906,24694.0
2022-05-26 11:36:00-04:00,202.2200927734375,202.31500244140625,202.21499633789065,202.2700042724609,202.2700042724609,26040.0
2022-05-26 11:38:00-04:00,202.309799194336,202.44569396972656,202.309799194336,202.3999938964844,202.3999938964844,6902.0
2022-05-26 11:40:00-04:00,202.41000366210938,202.4600067138672,202.32000732421875,202.39999389648438,202.39999389648438,24298.0
2022-05-26 11:42:00-04:00,202.38999938964844,202.49000549316406,202.3699951171875,202.41000366210938,202.41000366210938,6683.0
2022-05-26 11:44:00-04:00,202.4199981689453,202.4850006103516,202.34500122070312,202.34500122070312,202.34500122070312,11620.0
2022-05-26 11:46:00-04:00,202.33999633789062,202.39999389648438,202.22000122070312,202.22000122070312,202.22000122070312,6885.0
2022-05-26 11:48:00-04:00,202.2353057861328,202.26089477539062,202.11000061035156,202.2458953857422,202.2458953857422,5613.0
2022-05-26 11:50:00-04:00,202.1999969482422,202.25,202.14500427246094,202.21499633789062,202.21499633789062,7586.0
2022-05-26 11:52:00-04:00,202.22000122070312,202.28500366210938,202.16000366210938,202.28500366210938,202.28500366210938,6482.0
2022-05-26 11:54:00-04:00,202.30130004882807,202.4499969482422,202.25,202.3600006103516,202.3600006103516,13170.0
2022-05-26 11:56:00-04:00,202.3600006103516,202.5249938964844,202.3600006103516,202.4600067138672,202.4600067138672,12239.0
2022-05-26 11:58:00-04:00,202.4331970214844,202.5399932861328,202.4331970214844,202.47000122070312,202.47000122070312,15474.0
2022-05-26 12:00:00-04:00,202.44000244140625,202.63999938964844,202.41140747070312,202.63999938964844,202.63999938964844,5668.0
2022-05-26 12:02:00-04:00,202.60000610351562,202.74969482421875,202.58999633789062,202.67039489746094,202.67039489746094,12706.0
2022-05-26 12:04:00-04:00,202.69500732421875,202.74000549316406,202.64500427246094,202.64500427246094,202.64500427246094,6274.0
2022-05-26 12:06:00-04:00,202.61500549316406,202.6580047607422,202.53500366210938,202.53500366210938,202.53500366210938,8783.0
2022-05-26 12:08:00-04:00,202.54200744628903,202.60659790039065,202.5399932861328,202.60659790039065,202.60659790039065,7941.0
2022-05-26 12:10:00-04:00,202.60459899902344,202.8000030517578,202.5850067138672,202.7899932861328,202.7899932861328,12748.0
2022-05-26 12:12:00-04:00,202.78500366210935,202.91000366210935,202.77999877929688,202.8520050048828,202.8520050048828,16834.0
2022-05-26 12:14:00-04:00,202.8896942138672,202.89990234375,202.7989959716797,202.7989959716797,202.7989959716797,5054.0
2022-05-26 12:16:00-04:00,202.7899932861328,202.82000732421875,202.759994506836,202.8099975585937,202.8099975585937,12104.0
2022-05-26 12:18:00-04:00,202.8000030517578,202.8930053710937,202.7700042724609,202.875,202.875,10689.0
2022-05-26 12:20:00-04:00,202.8999938964844,203.02999877929688,202.8999938964844,203.02999877929688,203.02999877929688,30190.0
2022-05-26 12:22:00-04:00,202.9786071777344,203.05499267578125,202.9750061035156,203.0500030517578,203.0500030517578,9094.0
2022-05-26 12:24:00-04:00,203.04949951171875,203.06500244140625,203.0216064453125,203.0216064453125,203.0216064453125,5971.0
2022-05-26 12:26:00-04:00,203.02000427246094,203.10000610351562,202.97999572753906,203.08999633789062,203.08999633789062,20756.0
2022-05-26 12:28:00-04:00,203.0800018310547,203.1699981689453,203.0800018310547,203.1699981689453,203.1699981689453,37331.0
2022-05-26 12:30:00-04:00,203.1699981689453,203.25,203.14500427246094,203.17999267578125,203.17999267578125,12228.0
2022-05-26 12:32:00-04:00,203.1750030517578,203.19000244140625,203.0989990234375,203.1199951171875,203.1199951171875,28865.0
2022-05-26 12:34:00-04:00,203.1199951171875,203.13999938964844,203.0399932861328,203.0599975585937,203.0599975585937,15262.0
2022-05-26 12:36:00-04:00,203.10000610351562,203.10000610351562,203.0500030517578,203.08999633789062,203.08999633789062,10460.0
2022-05-26 12:38:00-04:00,203.0800018310547,203.19000244140625,203.0800018310547,203.19000244140625,203.19000244140625,20734.0
2022-05-26 12:40:00-04:00,203.1499938964844,203.1591033935547,203.0850067138672,203.125,203.125,11359.0
2022-05-26 12:42:00-04:00,203.08999633789065,203.1959991455078,203.07000732421875,203.0800018310547,203.0800018310547,9121.0
2022-05-26 12:44:00-04:00,203.1000061035156,203.1499938964844,202.97999572753903,203.1499938964844,203.1499938964844,18972.0
2022-05-26 12:46:00-04:00,203.17990112304688,203.17990112304688,203.1199951171875,203.14999389648438,203.14999389648438,10519.0
2022-05-26 12:48:00-04:00,203.14500427246094,203.2283935546875,203.1199951171875,203.2283935546875,203.2283935546875,4734.0
2022-05-26 12:50:00-04:00,203.1699981689453,203.22000122070312,203.1699981689453,203.18170166015625,203.18170166015625,8225.0
2022-05-26 12:52:00-04:00,203.1999969482422,203.28990173339844,203.1999969482422,203.25999450683597,203.25999450683597,7357.0
2022-05-26 12:54:00-04:00,203.27999877929688,203.4199981689453,203.2534942626953,203.4199981689453,203.4199981689453,8639.0
2022-05-26 12:56:00-04:00,203.41000366210932,203.4499969482422,203.35009765625,203.3999938964844,203.3999938964844,13495.0
2022-05-26 12:58:00-04:00,203.3780059814453,203.46499633789065,203.3614959716797,203.4499969482422,203.4499969482422,11639.0
2022-05-26 13:00:00-04:00,203.49000549316406,203.53399658203125,203.44000244140625,203.5,203.5,12518.0
2022-05-26 13:02:00-04:00,203.4900054931641,203.6300048828125,203.47999572753903,203.57000732421875,203.57000732421875,15201.0
2022-05-26 13:04:00-04:00,203.56500244140625,203.6499938964844,203.56500244140625,203.634994506836,203.634994506836,4206.0
2022-05-26 13:06:00-04:00,203.6300048828125,203.6300048828125,203.5747985839844,203.61520385742188,203.61520385742188,5187.0
2022-05-26 13:08:00-04:00,203.58079528808597,203.6699981689453,203.55999755859372,203.6699981689453,203.6699981689453,12077.0
2022-05-26 13:10:00-04:00,203.75,203.8000030517578,203.4900054931641,203.509994506836,203.509994506836,26970.0
2022-05-26 13:12:00-04:00,203.50999450683597,203.50999450683597,203.36410522460935,203.4900054931641,203.4900054931641,25152.0
2022-05-26 13:14:00-04:00,203.47999572753903,203.5500030517578,203.42950439453125,203.42950439453125,203.42950439453125,10437.0
2022-05-26 13:16:00-04:00,203.40789794921875,203.4199981689453,203.3600006103516,203.41000366210935,203.41000366210935,22681.0
2022-05-26 13:18:00-04:00,203.34500122070312,203.42999267578125,203.34500122070312,203.38999938964844,203.38999938964844,9197.0
2022-05-26 13:20:00-04:00,203.3999938964844,203.4501037597656,203.3509979248047,203.38720703125,203.38720703125,5387.0
2022-05-26 13:22:00-04:00,203.36000061035156,203.36500549316406,203.08999633789062,203.10260009765625,203.10260009765625,14281.0
2022-05-26 13:24:00-04:00,203.0800018310547,203.11500549316406,203.0500946044922,203.08999633789062,203.08999633789062,3802.0
2022-05-26 13:26:00-04:00,203.19500732421875,203.29319763183594,203.1313934326172,203.14999389648438,203.14999389648438,15981.0
2022-05-26 13:28:00-04:00,203.1499938964844,203.1699981689453,203.0200042724609,203.07000732421875,203.07000732421875,27016.0
2022-05-26 13:30:00-04:00,203.13499450683594,203.19500732421875,203.07960510253906,203.1699981689453,203.1699981689453,6896.0
2022-05-26 13:32:00-04:00,203.1840057373047,203.27499389648438,203.1840057373047,203.27000427246094,203.27000427246094,4748.0
2022-05-26 13:34:00-04:00,203.2915954589844,203.32000732421875,203.2100067138672,203.2100067138672,203.2100067138672,3291.0
2022-05-26 13:36:00-04:00,203.2001037597656,203.2599029541016,203.17999267578125,203.2050018310547,203.2050018310547,5504.0
2022-05-26 13:38:00-04:00,203.1974029541016,203.25,203.1499938964844,203.22000122070312,203.22000122070312,10170.0
2022-05-26 13:40:00-04:00,203.25,203.3016967773437,203.2187042236328,203.2187042236328,203.2187042236328,3505.0
2022-05-26 13:42:00-04:00,203.22000122070312,203.22000122070312,203.14999389648438,203.1699981689453,203.1699981689453,8378.0
2022-05-26 13:44:00-04:00,203.16720581054688,203.27999877929688,203.16720581054688,203.25,203.25,9481.0
2022-05-26 13:46:00-04:00,203.2700042724609,203.3099975585937,203.16000366210932,203.259994506836,203.259994506836,49132.0
2022-05-26 13:48:00-04:00,203.22999572753906,203.30999755859375,203.17999267578125,203.25999450683594,203.25999450683594,52880.0
2022-05-26 13:50:00-04:00,203.22000122070312,203.27000427246094,203.17999267578125,203.27000427246094,203.27000427246094,53479.0
2022-05-26 13:52:00-04:00,203.2899932861328,203.3000946044922,203.22000122070312,203.24000549316406,203.24000549316406,26137.0
2022-05-26 13:54:00-04:00,203.25,203.27499389648438,203.11000061035156,203.2100067138672,203.2100067138672,47699.0
2022-05-26 13:56:00-04:00,203.25,203.3000946044922,203.24000549316406,203.3000030517578,203.3000030517578,45608.0
2022-05-26 13:58:00-04:00,203.3000030517578,203.47000122070312,203.3000030517578,203.4373016357422,203.4373016357422,43885.0
2022-05-26 14:00:00-04:00,203.4199066162109,203.4900054931641,203.3300018310547,203.4405059814453,203.4405059814453,30088.0
2022-05-26 14:02:00-04:00,203.42999267578125,203.43499755859375,203.33999633789062,203.33999633789062,203.33999633789062,18270.0
2022-05-26 14:04:00-04:00,203.33399963378903,203.41000366210935,203.2749938964844,203.3300018310547,203.3300018310547,19670.0
2022-05-26 14:06:00-04:00,203.2100067138672,203.2899932861328,203.1999969482422,203.21499633789065,203.21499633789065,6571.0
2022-05-26 14:08:00-04:00,203.1869964599609,203.3800048828125,203.1569976806641,203.3800048828125,203.3800048828125,34701.0
2022-05-26 14:10:00-04:00,203.3699951171875,203.3999938964844,203.22000122070312,203.3000030517578,203.3000030517578,30655.0
2022-05-26 14:12:00-04:00,203.3000030517578,203.3999938964844,203.2899932861328,203.3999938964844,203.3999938964844,43329.0
2022-05-26 14:14:00-04:00,203.39999389648438,203.44000244140625,203.32339477539062,203.41000366210938,203.41000366210938,46882.0
2022-05-26 14:16:00-04:00,203.42410278320312,203.44000244140625,203.30999755859375,203.41000366210938,203.41000366210938,8602.0
2022-05-26 14:18:00-04:00,203.41000366210932,203.44000244140625,203.3099975585937,203.32000732421875,203.32000732421875,5089.0
2022-05-26 14:20:00-04:00,203.3300018310547,203.50999450683594,203.3300018310547,203.49000549316406,203.49000549316406,86336.0
2022-05-26 14:22:00-04:00,203.47500610351562,203.56100463867188,203.4600067138672,203.49000549316406,203.49000549316406,12371.0
2022-05-26 14:24:00-04:00,203.5,203.61000061035156,203.48500061035156,203.48500061035156,203.48500061035156,14435.0
2022-05-26 14:26:00-04:00,203.5050048828125,203.5050048828125,203.39999389648438,203.4499969482422,203.4499969482422,18815.0
2022-05-26 14:28:00-04:00,203.44000244140625,203.49000549316406,203.32000732421875,203.36000061035156,203.36000061035156,19640.0
2022-05-26 14:30:00-04:00,203.35000610351562,203.39999389648438,203.289794921875,203.3000030517578,203.3000030517578,8592.0
2022-05-26 14:32:00-04:00,203.3300018310547,203.3300018310547,203.2350006103516,203.2449951171875,203.2449951171875,2636.0
2022-05-26 14:34:00-04:00,203.25999450683597,203.25999450683597,203.1439971923828,203.16000366210935,203.16000366210935,14114.0
2022-05-26 14:36:00-04:00,203.1199951171875,203.17739868164065,202.97999572753903,203.1616058349609,203.1616058349609,13288.0
2022-05-26 14:38:00-04:00,203.1316070556641,203.1685028076172,203.1150054931641,203.1199951171875,203.1199951171875,10356.0
2022-05-26 14:40:00-04:00,203.10000610351562,203.14230346679688,203.00999450683594,203.14230346679688,203.14230346679688,7237.0
2022-05-26 14:42:00-04:00,203.1750030517578,203.22999572753903,203.1649932861328,203.1849975585937,203.1849975585937,8153.0
2022-05-26 14:44:00-04:00,203.25,203.3000030517578,203.1999969482422,203.1999969482422,203.1999969482422,22810.0
2022-05-26 14:46:00-04:00,203.1649932861328,203.19000244140625,203.1450042724609,203.16000366210935,203.16000366210935,24702.0
2022-05-26 14:48:00-04:00,203.17999267578125,203.2400054931641,203.1499938964844,203.22000122070312,203.22000122070312,22731.0
2022-05-26 14:50:00-04:00,203.25,203.3000030517578,203.22320556640625,203.26840209960935,203.26840209960935,8381.0
2022-05-26 14:52:00-04:00,203.2749938964844,203.2749938964844,203.16000366210932,203.2700042724609,203.2700042724609,19031.0
2022-05-26 14:54:00-04:00,203.32000732421875,203.32000732421875,203.19500732421875,203.19500732421875,203.19500732421875,21310.0
2022-05-26 14:56:00-04:00,203.2100067138672,203.3500061035156,203.2100067138672,203.3300018310547,203.3300018310547,27264.0
2022-05-26 14:58:00-04:00,203.3500061035156,203.3699951171875,203.25999450683597,203.25999450683597,203.25999450683597,12512.0
2022-05-26 15:00:00-04:00,203.2550048828125,203.28500366210938,203.02000427246094,203.04299926757812,203.04299926757812,17375.0
2022-05-26 15:02:00-04:00,203.0399932861328,203.08999633789062,202.8699951171875,202.968994140625,202.968994140625,36216.0
2022-05-26 15:04:00-04:00,202.92990112304688,203.1060028076172,202.8300018310547,203.1060028076172,203.1060028076172,19502.0
2022-05-26 15:06:00-04:00,203.1199951171875,203.2899932861328,203.0500030517578,203.2899932861328,203.2899932861328,7759.0
2022-05-26 15:08:00-04:00,203.259994506836,203.2996063232422,203.2050018310547,203.22189331054688,203.22189331054688,15072.0
2022-05-26 15:10:00-04:00,203.22000122070312,203.22000122070312,203.09500122070312,203.09500122070312,203.09500122070312,11600.0
2022-05-26 15:12:00-04:00,203.1280975341797,203.134994506836,202.99899291992188,202.99899291992188,202.99899291992188,14460.0
2022-05-26 15:14:00-04:00,202.9949951171875,203.12969970703125,202.9600067138672,202.9600067138672,202.9600067138672,12846.0
2022-05-26 15:16:00-04:00,202.89999389648438,202.89999389648438,202.62600708007812,202.65899658203125,202.65899658203125,8660.0
2022-05-26 15:18:00-04:00,202.6199951171875,202.84500122070312,202.6100006103516,202.82049560546875,202.82049560546875,10348.0
2022-05-26 15:20:00-04:00,202.8401031494141,202.8650054931641,202.63999938964844,202.6927032470703,202.6927032470703,17542.0
2022-05-26 15:22:00-04:00,202.63499450683597,202.67999267578125,202.55999755859372,202.6300048828125,202.6300048828125,19725.0
2022-05-26 15:24:00-04:00,202.625,202.7400054931641,202.5800018310547,202.58999633789065,202.58999633789065,17033.0
2022-05-26 15:26:00-04:00,202.6000061035156,202.7001037597656,202.6000061035156,202.6699981689453,202.6699981689453,36329.0
2022-05-26 15:28:00-04:00,202.6999969482422,202.97000122070312,202.6999969482422,202.8000030517578,202.8000030517578,61384.0
2022-05-26 15:30:00-04:00,202.8000030517578,202.9499969482422,202.77999877929688,202.91000366210932,202.91000366210932,29736.0
2022-05-26 15:32:00-04:00,202.8800048828125,202.9499969482422,202.8000030517578,202.94900512695312,202.94900512695312,30253.0
2022-05-26 15:34:00-04:00,202.9600067138672,203.0599975585937,202.9349975585937,202.9349975585937,202.9349975585937,12981.0
2022-05-26 15:36:00-04:00,202.91000366210932,203.009994506836,202.8800048828125,202.97000122070312,202.97000122070312,28288.0
2022-05-26 15:38:00-04:00,203.0,203.1699981689453,203.0,203.14999389648438,203.14999389648438,49607.0
2022-05-26 15:40:00-04:00,203.16000366210938,203.2899932861328,203.11000061035156,203.2899932861328,203.2899932861328,32164.0
2022-05-26 15:42:00-04:00,203.27999877929688,203.41000366210932,203.22000122070312,203.41000366210932,203.41000366210932,31351.0
2022-05-26 15:44:00-04:00,203.4199981689453,203.52000427246094,203.3300018310547,203.35000610351562,203.35000610351562,37618.0
2022-05-26 15:46:00-04:00,203.3800048828125,203.5200042724609,203.3300018310547,203.42999267578125,203.42999267578125,33444.0
2022-05-26 15:48:00-04:00,203.38999938964844,203.63999938964844,203.3699951171875,203.6300048828125,203.6300048828125,110131.0
2022-05-26 15:50:00-04:00,203.66000366210932,203.7899932861328,203.27999877929688,203.27999877929688,203.27999877929688,63064.0
2022-05-26 15:52:00-04:00,203.2899932861328,203.4279937744141,203.1999969482422,203.2350006103516,203.2350006103516,39086.0
2022-05-26 15:54:00-04:00,203.22000122070312,203.27000427246094,202.9600067138672,202.9600067138672,202.9600067138672,47733.0
2022-05-26 15:56:00-04:00,202.9499969482422,203.0399932861328,202.75999450683597,202.8699951171875,202.8699951171875,64104.0
2022-05-26 15:58:00-04:00,202.8600006103516,203.00999450683597,202.8000030517578,202.97000122070312,202.97000122070312,49630.0
2022-05-26 16:00:00-04:00,202.93,202.93,202.9,202.9,202.9,0.0
2022-05-26 16:02:00-04:00,202.95,202.95,202.69,202.69,202.69,0.0
2022-05-26 16:04:00-04:00,202.9,203.22,202.6,203.0,203.0,0.0
2022-05-26 16:06:00-04:00,202.9,202.9,202.9,202.9,202.9,0.0
2022-05-26 16:12:00-04:00,202.97,202.97,202.88,202.88,202.88,0.0
2022-05-26 16:14:00-04:00,202.9,202.9,202.7,202.9,202.9,0.0
2022-05-26 16:16:00-04:00,202.11,202.92,202.11,202.92,202.92,0.0
2022-05-26 16:18:00-04:00,202.44,202.97,202.11,202.96,202.96,0.0
2022-05-26 16:20:00-04:00,202.97,202.97,202.97,202.97,202.97,0.0
2022-05-26 16:22:00-04:00,202.11,202.94,202.11,202.94,202.94,0.0
2022-05-26 16:24:00-04:00,202.324,202.324,202.324,202.324,202.324,0.0
2022-05-26 16:26:00-04:00,202.87,202.9604,202.87,202.9604,202.9604,0.0
2022-05-26 16:28:00-04:00,202.87,202.97,202.87,202.97,202.97,0.0
2022-05-26 16:30:00-04:00,202.324,202.45,202.324,202.45,202.45,0.0
2022-05-26 16:32:00-04:00,202.9675,202.9675,202.9667,202.9667,202.9667,0.0
2022-05-26 16:36:00-04:00,202.57,202.57,202.3,202.3,202.3,0.0
2022-05-26 16:38:00-04:00,202.84,202.84,202.84,202.84,202.84,0.0
2022-05-26 16:40:00-04:00,201.91,202.5,201.91,202.27,202.27,0.0
2022-05-26 16:42:00-04:00,202.77,202.77,202.77,202.77,202.77,0.0
2022-05-26 16:48:00-04:00,202.99,202.99,202.99,202.99,202.99,0.0
2022-05-26 16:50:00-04:00,202.8492,202.8492,202.8492,202.8492,202.8492,0.0
2022-05-26 16:54:00-04:00,202.77,202.77,202.76,202.76,202.76,0.0
2022-05-26 16:58:00-04:00,202.5,202.5,202.5,202.5,202.5,0.0
2022-05-26 17:00:00-04:00,202.96,202.96,202.96,202.96,202.96,0.0
2022-05-26 17:10:00-04:00,202.974,202.974,202.974,202.974,202.974,0.0
2022-05-26 17:18:00-04:00,202.96,202.96,202.5,202.5,202.5,0.0
2022-05-26 17:20:00-04:00,202.9815,202.9815,202.9815,202.9815,202.9815,0.0
2022-05-26 17:24:00-04:00,202.5,203.0,202.23,202.23,202.23,0.0
2022-05-26 17:26:00-04:00,202.23,202.77,202.23,202.77,202.77,0.0
2022-05-26 17:28:00-04:00,202.9057,202.9057,202.24,202.24,202.24,0.0
2022-05-26 17:30:00-04:00,202.25,202.25,202.25,202.25,202.25,0.0
2022-05-26 17:32:00-04:00,202.25,202.874,202.25,202.874,202.874,0.0
2022-05-26 17:34:00-04:00,202.77,202.79,202.77,202.79,202.79,0.0
2022-05-26 17:40:00-04:00,202.6,202.6,202.6,202.6,202.6,0.0
2022-05-26 17:44:00-04:00,202.96,202.96,202.89,202.96,202.96,0.0
2022-05-26 17:46:00-04:00,202.96,202.96,202.25,202.25,202.25,0.0
2022-05-26 17:50:00-04:00,202.14,202.14,202.14,202.14,202.14,0.0
2022-05-26 17:56:00-04:00,202.9711,202.9711,202.9711,202.9711,202.9711,0.0
2022-05-26 17:58:00-04:00,202.25,202.96,202.25,202.96,202.96,0.0
2022-05-26 18:02:00-04:00,203.0,203.0,202.16,202.16,202.16,0.0
2022-05-26 18:06:00-04:00,202.98,203.0,202.98,203.0,203.0,0.0
2022-05-26 18:10:00-04:00,202.19,202.19,202.19,202.19,202.19,0.0
2022-05-26 18:12:00-04:00,202.98,202.98,202.98,202.98,202.98,0.0
2022-05-26 18:14:00-04:00,203.0,203.0,203.0,203.0,203.0,0.0
2022-05-26 18:22:00-04:00,204.0,204.0,204.0,204.0,204.0,0.0
2022-05-26 18:24:00-04:00,204.0,204.0,203.56,203.56,203.56,0.0
2022-05-26 18:28:00-04:00,202.93,202.93,202.93,202.93,202.93,0.0
2022-05-26 18:34:00-04:00,203.8,203.8,203.8,203.8,203.8,0.0
2022-05-26 18:44:00-04:00,203.56,203.56,203.56,203.56,203.56,0.0
2022-05-26 19:02:00-04:00,203.19,203.19,203.19,203.19,203.19,0.0
2022-05-26 19:04:00-04:00,203.2,203.2,203.2,203.2,203.2,0.0
2022-05-26 19:12:00-04:00,202.8,202.8,202.7,202.7,202.7,0.0
2022-05-26 19:14:00-04:00,202.7,202.7,202.7,202.7,202.7,0.0
2022-05-26 19:22:00-04:00,202.8,202.8,202.8,202.8,202.8,0.0
2022-05-26 19:26:00-04:00,202.61,202.61,202.61,202.61,202.61,0.0
2022-05-26 19:50:00-04:00,202.62,202.93,202.62,202.93,202.93,0.0
2022-05-26 19:52:00-04:00,203.2,203.2,202.62,202.62,202.62,0.0
2022-05-26 19:54:00-04:00,202.96,203.0,202.96,203.0,203.0,0.0
2022-05-26 19:56:00-04:00,203.2,203.2,203.19,203.19,203.19,0.0
2022-05-26 19:58:00-04:00,203.2,203.2,203.0,203.0,203.0,0.0
